commodity,date,price,currency,unit,market_or_region,vessel_class,shipping_bulk_type,source_name,source_url,source_type,verification_status,notes,source_origin,is_synthetic
Iron Ore,2026-07-01,98.2,USD,dry metric ton unit,"Global benchmark; 62% Fe fines, CFR China",Capesize,Dry Bulk,World Bank Commodity Markets (Pink Sheet),https://www.worldbank.org/en/research/commodity-markets,Official international benchmark,VERIFIED,2026-07 monthly benchmark; value independently surfaced from the August 2026 Pink Sheet edition.,user_supplied_drive_file,False
Aluminum,2026-07-01,3161.0,USD,metric ton,LME high-grade primary ingot,Handysize / Supramax / General Cargo,Dry Bulk,World Bank Commodity Markets (Pink Sheet),https://www.worldbank.org/en/research/commodity-markets,Official international benchmark,VERIFIED,2026-07 monthly benchmark.,user_supplied_drive_file,False
Copper,2026-07-01,13543.0,USD,metric ton,LME Grade A,Handysize / Supramax / General Cargo,Dry Bulk,World Bank Commodity Markets (Pink Sheet),https://www.worldbank.org/en/research/commodity-markets,Official international benchmark,VERIFIED,2026-07 monthly benchmark.,user_supplied_drive_file,False
Lead,2026-07-01,1842.0,USD,metric ton,LME refined lead,Handysize / Supramax / General Cargo,Dry Bulk,World Bank Commodity Markets (Pink Sheet),https://www.worldbank.org/en/research/commodity-markets,Official international benchmark,VERIFIED,2026-07 monthly benchmark.,user_supplied_drive_file,False
Tin,2026-07-01,52971.0,USD,metric ton,LME refined tin,Handysize / Supramax / General Cargo,Dry Bulk,World Bank Commodity Markets (Pink Sheet),https://www.worldbank.org/en/research/commodity-markets,Official international benchmark,VERIFIED,2026-07 monthly benchmark.,user_supplied_drive_file,False
Nickel,2026-07-01,16651.0,USD,metric ton,LME nickel,Handysize / Supramax / General Cargo,Dry Bulk,World Bank Commodity Markets (Pink Sheet),https://www.worldbank.org/en/research/commodity-markets,Official international benchmark,VERIFIED,2026-07 monthly benchmark.,user_supplied_drive_file,False
Zinc,2026-07-01,3599.0,USD,metric ton,LME high-grade zinc,Handysize / Supramax / General Cargo,Dry Bulk,World Bank Commodity Markets (Pink Sheet),https://www.worldbank.org/en/research/commodity-markets,Official international benchmark,VERIFIED,2026-07 monthly benchmark.,user_supplied_drive_file,False
Gold,2026-07-01,4073.0,USD,troy ounce,Global benchmark,General Cargo / Container,Precious Metals,World Bank Commodity Markets (Pink Sheet),https://www.worldbank.org/en/research/commodity-markets,Official international benchmark,VERIFIED,2026-07 monthly benchmark.,user_supplied_drive_file,False
Iron Ore,2026-06-01,100.8,USD,dry metric ton unit,"Global benchmark; 62% Fe fines, CFR China",Capesize,Dry Bulk,World Bank Commodity Markets (Pink Sheet),https://www.worldbank.org/en/research/commodity-markets,Official international benchmark,VERIFIED,2026-06 monthly benchmark.,user_supplied_drive_file,False
Aluminum,2026-06-01,3439.0,USD,metric ton,LME high-grade primary ingot,Handysize / Supramax / General Cargo,Dry Bulk,World Bank Commodity Markets (Pink Sheet),https://www.worldbank.org/en/research/commodity-markets,Official international benchmark,VERIFIED,2026-06 monthly benchmark.,user_supplied_drive_file,False
Copper,2026-06-01,13552.0,USD,metric ton,LME Grade A,Handysize / Supramax / General Cargo,Dry Bulk,World Bank Commodity Markets (Pink Sheet),https://www.worldbank.org/en/research/commodity-markets,Official international benchmark,VERIFIED,2026-06 monthly benchmark.,user_supplied_drive_file,False
Gold,2026-06-01,4228.0,USD,troy ounce,Global benchmark,General Cargo / Container,Precious Metals,World Bank Commodity Markets (Pink Sheet),https://www.worldbank.org/en/research/commodity-markets,Official international benchmark,VERIFIED,2026-06 monthly benchmark.,user_supplied_drive_file,False
Crude Oil - WTI,,80.77,USD,barrel,"Cushing, Oklahoma",VLCC / Suezmax / Aframax,Wet Bulk,U.S. Energy Information Administration (EIA),https://www.eia.gov/dnav/pet/PET_PRI_SPT_S1_W.htm,Official government statistics,VERIFIED,Weekly spot price.,user_supplied_drive_file,False
Crude Oil - Brent,,82.93,USD,barrel,Europe,VLCC / Suezmax / Aframax,Wet Bulk,U.S. Energy Information Administration (EIA),https://www.eia.gov/dnav/pet/PET_PRI_SPT_S1_W.htm,Official government statistics,VERIFIED,Weekly spot price.,user_supplied_drive_file,False
Crude Oil - WTI,,88.58,USD,barrel,"Cushing, Oklahoma",VLCC / Suezmax / Aframax,Wet Bulk,U.S. Energy Information Administration (EIA),https://www.eia.gov/dnav/pet/PET_PRI_SPT_S1_W.htm,Official government statistics,VERIFIED,Weekly spot price.,user_supplied_drive_file,False
Crude Oil - Brent,,96.12,USD,barrel,Europe,VLCC / Suezmax / Aframax,Wet Bulk,U.S. Energy Information Administration (EIA),https://www.eia.gov/dnav/pet/PET_PRI_SPT_S1_W.htm,Official government statistics,VERIFIED,Weekly spot price.,user_supplied_drive_file,False
Crude Oil - WTI,,84.51,USD,barrel,"Cushing, Oklahoma",VLCC / Suezmax / Aframax,Wet Bulk,U.S. Energy Information Administration (EIA),https://www.eia.gov/dnav/pet/PET_PRI_SPT_S1_W.htm,Official government statistics,VERIFIED,Weekly spot price.,user_supplied_drive_file,False
Crude Oil - Brent,,91.63,USD,barrel,Europe,VLCC / Suezmax / Aframax,Wet Bulk,U.S. Energy Information Administration (EIA),https://www.eia.gov/dnav/pet/PET_PRI_SPT_S1_W.htm,Official government statistics,VERIFIED,Weekly spot price.,user_supplied_drive_file,False
Crude Oil - WTI,,78.94,USD,barrel,"Cushing, Oklahoma",VLCC / Suezmax / Aframax,Wet Bulk,U.S. Energy Information Administration (EIA),https://www.eia.gov/dnav/pet/PET_PRI_SPT_S1_W.htm,Official government statistics,VERIFIED,Weekly spot price.,user_supplied_drive_file,False
Crude Oil - Brent,,87.86,USD,barrel,Europe,VLCC / Suezmax / Aframax,Wet Bulk,U.S. Energy Information Administration (EIA),https://www.eia.gov/dnav/pet/PET_PRI_SPT_S1_W.htm,Official government statistics,VERIFIED,Weekly spot price.,user_supplied_drive_file,False
Coal (Australian Thermal),,67.7,USD,metric ton,"Australia (Newcastle FOB 6,000 kcal/kg)",Capesize / Panamax,Dry Bulk,World Bank Commodity Markets (Pink Sheet),https://www.worldbank.org/en/research/commodity-markets,Official International Organization,VERIFIED_PRIMARY_SOURCE,Monthly average FOB Newcastle thermal coal spot benchmark price.,user_supplied_drive_file,False
Coal (Australian Thermal),,86.82,USD,metric ton,"Australia (Newcastle FOB 6,000 kcal/kg)",Capesize / Panamax,Dry Bulk,World Bank Commodity Markets (Pink Sheet),https://www.worldbank.org/en/research/commodity-markets,Official International Organization,VERIFIED_PRIMARY_SOURCE,Monthly average FOB Newcastle thermal coal spot benchmark price.,user_supplied_drive_file,False
Coal (Australian Thermal),,222.71,USD,metric ton,"Australia (Newcastle FOB 6,000 kcal/kg)",Capesize / Panamax,Dry Bulk,World Bank Commodity Markets (Pink Sheet),https://www.worldbank.org/en/research/commodity-markets,Official International Organization,VERIFIED_PRIMARY_SOURCE,Monthly average FOB Newcastle thermal coal spot benchmark price.,user_supplied_drive_file,False
Coal (Australian Thermal),,435.0,USD,metric ton,"Australia (Newcastle FOB 6,000 kcal/kg)",Capesize / Panamax,Dry Bulk,World Bank Commodity Markets (Pink Sheet),https://www.worldbank.org/en/research/commodity-markets,Official International Organization,VERIFIED_PRIMARY_SOURCE,Historical peak monthly average FOB Newcastle thermal coal benchmark price.,user_supplied_drive_file,False
Coal (Australian Thermal),,366.19,USD,metric ton,"Australia (Newcastle FOB 6,000 kcal/kg)",Capesize / Panamax,Dry Bulk,World Bank Commodity Markets (Pink Sheet),https://www.worldbank.org/en/research/commodity-markets,Official International Organization,VERIFIED_PRIMARY_SOURCE,Monthly average FOB Newcastle thermal coal spot benchmark price.,user_supplied_drive_file,False
Coal (Australian Thermal),,126.15,USD,metric ton,"Australia (Newcastle FOB 6,000 kcal/kg)",Capesize / Panamax,Dry Bulk,World Bank Commodity Markets (Pink Sheet),https://www.worldbank.org/en/research/commodity-markets,Official International Organization,VERIFIED_PRIMARY_SOURCE,Monthly average FOB Newcastle thermal coal spot benchmark price.,user_supplied_drive_file,False
Coal (Australian Thermal),,133.5,USD,metric ton,"Australia (Newcastle FOB 6,000 kcal/kg)",Capesize / Panamax,Dry Bulk,World Bank Commodity Markets (Pink Sheet),https://www.worldbank.org/en/research/commodity-markets,Official International Organization,VERIFIED_PRIMARY_SOURCE,Monthly average FOB Newcastle thermal coal spot benchmark price.,user_supplied_drive_file,False
Coal (Australian Thermal),,142.8,USD,metric ton,"Australia (Newcastle FOB 6,000 kcal/kg)",Capesize / Panamax,Dry Bulk,World Bank Commodity Markets (Pink Sheet),https://www.worldbank.org/en/research/commodity-markets,Official International Organization,VERIFIED_PRIMARY_SOURCE,Monthly average FOB Newcastle thermal coal benchmark price.,user_supplied_drive_file,False
Coal (South African),,294.84,USD,metric ton,"South Africa (Richards Bay FOB 6,000 kcal/kg)",Capesize / Panamax,Dry Bulk,IMF Primary Commodity Prices / FRED St. Louis Fed,https://fred.stlouisfed.org/series/PCOALSAFUSDM,Official International Organization,VERIFIED_PRIMARY_SOURCE,Monthly average FOB Richards Bay thermal coal benchmark price.,user_supplied_drive_file,False
Coal (South African),,96.4,USD,metric ton,"South Africa (Richards Bay FOB 6,000 kcal/kg)",Capesize / Panamax,Dry Bulk,IMF Primary Commodity Prices / FRED St. Louis Fed,https://fred.stlouisfed.org/series/PCOALSAFUSDM,Official International Organization,VERIFIED_PRIMARY_SOURCE,Monthly average FOB Richards Bay thermal coal benchmark price.,user_supplied_drive_file,False
Iron Ore (62% Fe CFR China),,95.77,USD,dry metric ton,China (CFR Qingdao / Tianjin 62% Fe fine),Capesize,Dry Bulk,World Bank Commodity Markets (Pink Sheet),https://www.worldbank.org/en/research/commodity-markets,Official International Organization,VERIFIED_PRIMARY_SOURCE,Spot price benchmark for 62% Fe iron ore fines delivered to China.,user_supplied_drive_file,False
Iron Ore (62% Fe CFR China),,207.72,USD,dry metric ton,China (CFR Qingdao / Tianjin 62% Fe fine),Capesize,Dry Bulk,World Bank Commodity Markets (Pink Sheet),https://www.worldbank.org/en/research/commodity-markets,Official International Organization,VERIFIED_PRIMARY_SOURCE,Peak historical spot price benchmark for 62% Fe iron ore fines delivered to China.,user_supplied_drive_file,False
Iron Ore (62% Fe CFR China),,133.08,USD,dry metric ton,China (CFR Qingdao / Tianjin 62% Fe fine),Capesize,Dry Bulk,World Bank Commodity Markets (Pink Sheet),https://www.worldbank.org/en/research/commodity-markets,Official International Organization,VERIFIED_PRIMARY_SOURCE,Spot price benchmark for 62% Fe iron ore fines delivered to China.,user_supplied_drive_file,False
Iron Ore (62% Fe CFR China),,122.18,USD,dry metric ton,China (CFR Qingdao / Tianjin 62% Fe fine),Capesize,Dry Bulk,World Bank Commodity Markets (Pink Sheet),https://www.worldbank.org/en/research/commodity-markets,Official International Organization,VERIFIED_PRIMARY_SOURCE,Spot price benchmark for 62% Fe iron ore fines delivered to China.,user_supplied_drive_file,False
Iron Ore (62% Fe CFR China),,135.05,USD,dry metric ton,China (CFR Qingdao / Tianjin 62% Fe fine),Capesize,Dry Bulk,World Bank Commodity Markets (Pink Sheet),https://www.worldbank.org/en/research/commodity-markets,Official International Organization,VERIFIED_PRIMARY_SOURCE,Spot price benchmark for 62% Fe iron ore fines delivered to China.,user_supplied_drive_file,False
Iron Ore (62% Fe CFR China),,102.4,USD,dry metric ton,China (CFR Qingdao / Tianjin 62% Fe fine),Capesize,Dry Bulk,World Bank Commodity Markets (Pink Sheet),https://www.worldbank.org/en/research/commodity-markets,Official International Organization,VERIFIED_PRIMARY_SOURCE,Spot price benchmark for 62% Fe iron ore fines delivered to China.,user_supplied_drive_file,False
Iron Ore (62% Fe CFR China),,106.15,USD,dry metric ton,China (CFR Qingdao / Tianjin 62% Fe fine),Capesize,Dry Bulk,World Bank Commodity Markets (Pink Sheet),https://www.worldbank.org/en/research/commodity-markets,Official International Organization,VERIFIED_PRIMARY_SOURCE,Spot price benchmark for 62% Fe iron ore fines delivered to China.,user_supplied_drive_file,False
Wheat (US HRW),,208.57,USD,metric ton,United States (US Hard Red Winter FOB Gulf),Panamax / Supramax,Dry Bulk,World Bank Commodity Markets (Pink Sheet),https://www.worldbank.org/en/research/commodity-markets,Official International Organization,VERIFIED_PRIMARY_SOURCE,Monthly average FOB US Gulf HRW wheat spot price.,user_supplied_drive_file,False
Wheat (US HRW),,486.23,USD,metric ton,United States (US Hard Red Winter FOB Gulf),Panamax / Supramax,Dry Bulk,World Bank Commodity Markets (Pink Sheet),https://www.worldbank.org/en/research/commodity-markets,Official International Organization,VERIFIED_PRIMARY_SOURCE,Historical peak monthly average FOB US Gulf HRW wheat price.,user_supplied_drive_file,False
Wheat (US HRW),,272.1,USD,metric ton,United States (US Hard Red Winter FOB Gulf),Panamax / Supramax,Dry Bulk,World Bank Commodity Markets (Pink Sheet),https://www.worldbank.org/en/research/commodity-markets,Official International Organization,VERIFIED_PRIMARY_SOURCE,Monthly average FOB US Gulf HRW wheat spot price.,user_supplied_drive_file,False
Wheat (US HRW),,245.8,USD,metric ton,United States (US Hard Red Winter FOB Gulf),Panamax / Supramax,Dry Bulk,World Bank Commodity Markets (Pink Sheet),https://www.worldbank.org/en/research/commodity-markets,Official International Organization,VERIFIED_PRIMARY_SOURCE,Monthly average FOB US Gulf HRW wheat spot price.,user_supplied_drive_file,False
Wheat (US HRW),,252.4,USD,metric ton,United States (US Hard Red Winter FOB Gulf),Panamax / Supramax,Dry Bulk,World Bank Commodity Markets (Pink Sheet),https://www.worldbank.org/en/research/commodity-markets,Official International Organization,VERIFIED_PRIMARY_SOURCE,Monthly average FOB US Gulf HRW wheat spot price.,user_supplied_drive_file,False
Maize / Corn (US No. 2 Yellow),,170.81,USD,metric ton,United States (US No. 2 Yellow FOB Gulf),Panamax / Supramax,Dry Bulk,World Bank Commodity Markets (Pink Sheet),https://www.worldbank.org/en/research/commodity-markets,Official International Organization,VERIFIED_PRIMARY_SOURCE,Monthly average FOB US Gulf No. 2 Yellow Corn spot price.,user_supplied_drive_file,False
Maize / Corn (US No. 2 Yellow),,348.05,USD,metric ton,United States (US No. 2 Yellow FOB Gulf),Panamax / Supramax,Dry Bulk,World Bank Commodity Markets (Pink Sheet),https://www.worldbank.org/en/research/commodity-markets,Official International Organization,VERIFIED_PRIMARY_SOURCE,Historical peak monthly average FOB US Gulf corn spot price.,user_supplied_drive_file,False
Maize / Corn (US No. 2 Yellow),,204.3,USD,metric ton,United States (US No. 2 Yellow FOB Gulf),Panamax / Supramax,Dry Bulk,World Bank Commodity Markets (Pink Sheet),https://www.worldbank.org/en/research/commodity-markets,Official International Organization,VERIFIED_PRIMARY_SOURCE,Monthly average FOB US Gulf corn spot price.,user_supplied_drive_file,False
Maize / Corn (US No. 2 Yellow),,192.6,USD,metric ton,United States (US No. 2 Yellow FOB Gulf),Panamax / Supramax,Dry Bulk,World Bank Commodity Markets (Pink Sheet),https://www.worldbank.org/en/research/commodity-markets,Official International Organization,VERIFIED_PRIMARY_SOURCE,Monthly average FOB US Gulf corn spot price.,user_supplied_drive_file,False
Soybeans (US FOB Gulf),,361.05,USD,metric ton,United States (FOB US Gulf),Panamax / Supramax,Dry Bulk,World Bank Commodity Markets (Pink Sheet),https://www.worldbank.org/en/research/commodity-markets,Official International Organization,VERIFIED_PRIMARY_SOURCE,Monthly average FOB US Gulf soybean export spot benchmark.,user_supplied_drive_file,False
Soybeans (US FOB Gulf),,673.4,USD,metric ton,United States (FOB US Gulf),Panamax / Supramax,Dry Bulk,World Bank Commodity Markets (Pink Sheet),https://www.worldbank.org/en/research/commodity-markets,Official International Organization,VERIFIED_PRIMARY_SOURCE,Peak monthly average FOB US Gulf soybean export spot benchmark.,user_supplied_drive_file,False
Soybeans (US FOB Gulf),,472.1,USD,metric ton,United States (FOB US Gulf),Panamax / Supramax,Dry Bulk,World Bank Commodity Markets (Pink Sheet),https://www.worldbank.org/en/research/commodity-markets,Official International Organization,VERIFIED_PRIMARY_SOURCE,Monthly average FOB US Gulf soybean export spot benchmark.,user_supplied_drive_file,False
Soybeans (US FOB Gulf),,428.5,USD,metric ton,United States (FOB US Gulf),Panamax / Supramax,Dry Bulk,World Bank Commodity Markets (Pink Sheet),https://www.worldbank.org/en/research/commodity-markets,Official International Organization,VERIFIED_PRIMARY_SOURCE,Monthly average FOB US Gulf soybean export spot benchmark.,user_supplied_drive_file,False
Crude Oil (Brent),,18.38,USD,barrel,Global / North Sea,VLCC / Suezmax / Aframax,Wet Bulk,FRED St. Louis Fed / World Bank Pink Sheet,https://fred.stlouisfed.org/series/POILBREUSDM,Official Central Bank / Economic Data Provider,VERIFIED_PRIMARY_SOURCE,Historical pandemic low monthly spot benchmark price.,user_supplied_drive_file,False
Crude Oil (Brent),,117.25,USD,barrel,Global / North Sea,VLCC / Suezmax / Aframax,Wet Bulk,FRED St. Louis Fed / World Bank Pink Sheet,https://fred.stlouisfed.org/series/POILBREUSDM,Official Central Bank / Economic Data Provider,VERIFIED_PRIMARY_SOURCE,Peak post-conflict supply disruption monthly spot price.,user_supplied_drive_file,False
Crude Oil (Brent),,80.12,USD,barrel,Global / North Sea,VLCC / Suezmax / Aframax,Wet Bulk,FRED St. Louis Fed / World Bank Pink Sheet,https://fred.stlouisfed.org/series/POILBREUSDM,Official Central Bank / Economic Data Provider,VERIFIED_PRIMARY_SOURCE,Monthly average Brent crude spot benchmark.,user_supplied_drive_file,False
Crude Oil (Brent),,78.4,USD,barrel,Global / North Sea,VLCC / Suezmax / Aframax,Wet Bulk,FRED St. Louis Fed / World Bank Pink Sheet,https://fred.stlouisfed.org/series/POILBREUSDM,Official Central Bank / Economic Data Provider,VERIFIED_PRIMARY_SOURCE,Monthly average Brent crude spot benchmark.,user_supplied_drive_file,False
Crude Oil (Brent),,76.8,USD,barrel,Global / North Sea,VLCC / Suezmax / Aframax,Wet Bulk,FRED St. Louis Fed / World Bank Pink Sheet,https://fred.stlouisfed.org/series/POILBREUSDM,Official Central Bank / Economic Data Provider,VERIFIED_PRIMARY_SOURCE,Monthly average Brent crude spot benchmark.,user_supplied_drive_file,False
Coal (Coal India Non-Coking G7 Grade),,2750.0,INR,metric ton,India (Pithead CIL Notification Rate),Coastal Bulk / Railway Coastal Line,Dry Bulk,Ministry of Coal / Coal India Limited (CIL) Price Notification,https://www.coal.nic.in/major-statistics/coal-statistics,Official Government Ministry,VERIFIED_PRIMARY_SOURCE,Official CIL notified pithead price for G7 grade thermal coal.,user_supplied_drive_file,False
Coal (Coal India Non-Coking G7 Grade),,2750.0,INR,metric ton,India (Pithead CIL Notification Rate),Coastal Bulk / Railway Coastal Line,Dry Bulk,Ministry of Coal / Coal India Limited (CIL) Price Notification,https://www.coal.nic.in/major-statistics/coal-statistics,Official Government Ministry,VERIFIED_PRIMARY_SOURCE,Official CIL notified pithead price for G7 grade thermal coal.,user_supplied_drive_file,False
Coal (Australian Thermal),,104.57,USD,metric ton,"Australia (Newcastle FOB 6,000 kcal/kg)",Capesize / Panamax,Dry Bulk,World Bank Commodity Markets (Pink Sheet),https://www.worldbank.org/en/research/commodity-markets,Official International Organization,VERIFIED_PRIMARY_SOURCE,Monthly average FOB Newcastle thermal coal spot benchmark price.,user_supplied_drive_file,False
Coal (Australian Thermal),,99.46,USD,metric ton,"Australia (Newcastle FOB 6,000 kcal/kg)",Capesize / Panamax,Dry Bulk,World Bank Commodity Markets (Pink Sheet),https://www.worldbank.org/en/research/commodity-markets,Official International Organization,VERIFIED_PRIMARY_SOURCE,Monthly average FOB Newcastle thermal coal spot benchmark price.,user_supplied_drive_file,False
Coal (Australian Thermal),,139.75,USD,metric ton,"Australia (Newcastle FOB 6,000 kcal/kg)",Capesize / Panamax,Dry Bulk,World Bank Commodity Markets (Pink Sheet),https://www.worldbank.org/en/research/commodity-markets,Official International Organization,VERIFIED_PRIMARY_SOURCE,Monthly average FOB Newcastle thermal coal spot benchmark price.,user_supplied_drive_file,False
Coal (Australian Thermal),,134.1,USD,metric ton,"Australia (Newcastle FOB 6,000 kcal/kg)",Capesize / Panamax,Dry Bulk,World Bank Commodity Markets (Pink Sheet),https://www.worldbank.org/en/research/commodity-markets,Official International Organization,VERIFIED_PRIMARY_SOURCE,Monthly average FOB Newcastle thermal coal spot benchmark price.,user_supplied_drive_file,False
Coal (South African),,72.5,USD,metric ton,"South Africa (Richards Bay FOB 6,000 kcal/kg)",Capesize / Panamax,Dry Bulk,IMF Primary Commodity Prices / FRED St. Louis Fed,https://fred.stlouisfed.org/series/PCOALSAFUSDM,Official International Organization,VERIFIED_PRIMARY_SOURCE,Monthly average FOB Richards Bay thermal coal benchmark price.,user_supplied_drive_file,False
Coal (South African),,108.2,USD,metric ton,"South Africa (Richards Bay FOB 6,000 kcal/kg)",Capesize / Panamax,Dry Bulk,IMF Primary Commodity Prices / FRED St. Louis Fed,https://fred.stlouisfed.org/series/PCOALSAFUSDM,Official International Organization,VERIFIED_PRIMARY_SOURCE,Monthly average FOB Richards Bay thermal coal benchmark price.,user_supplied_drive_file,False
Iron Ore (62% Fe CFR China),,75.78,USD,dry metric ton,China (CFR Qingdao / Tianjin 62% Fe fine),Capesize,Dry Bulk,World Bank Commodity Markets (Pink Sheet),https://www.worldbank.org/en/research/commodity-markets,Official International Organization,VERIFIED_PRIMARY_SOURCE,Spot price benchmark for 62% Fe iron ore fines delivered to China.,user_supplied_drive_file,False
Iron Ore (62% Fe CFR China),,76.16,USD,dry metric ton,China (CFR Qingdao / Tianjin 62% Fe fine),Capesize,Dry Bulk,World Bank Commodity Markets (Pink Sheet),https://www.worldbank.org/en/research/commodity-markets,Official International Organization,VERIFIED_PRIMARY_SOURCE,Spot price benchmark for 62% Fe iron ore fines delivered to China.,user_supplied_drive_file,False
Iron Ore (62% Fe CFR China),,107.45,USD,dry metric ton,China (CFR Qingdao / Tianjin 62% Fe fine),Capesize,Dry Bulk,World Bank Commodity Markets (Pink Sheet),https://www.worldbank.org/en/research/commodity-markets,Official International Organization,VERIFIED_PRIMARY_SOURCE,Spot price benchmark for 62% Fe iron ore fines delivered to China.,user_supplied_drive_file,False
Wheat (US HRW),,184.2,USD,metric ton,United States (US Hard Red Winter FOB Gulf),Panamax / Supramax,Dry Bulk,World Bank Commodity Markets (Pink Sheet),https://www.worldbank.org/en/research/commodity-markets,Official International Organization,VERIFIED_PRIMARY_SOURCE,Monthly average FOB US Gulf HRW wheat spot price.,user_supplied_drive_file,False
Wheat (US HRW),,381.5,USD,metric ton,United States (US Hard Red Winter FOB Gulf),Panamax / Supramax,Dry Bulk,World Bank Commodity Markets (Pink Sheet),https://www.worldbank.org/en/research/commodity-markets,Official International Organization,VERIFIED_PRIMARY_SOURCE,Monthly average FOB US Gulf HRW wheat spot price.,user_supplied_drive_file,False
Maize / Corn (US No. 2 Yellow),,150.25,USD,metric ton,United States (US No. 2 Yellow FOB Gulf),Panamax / Supramax,Dry Bulk,World Bank Commodity Markets (Pink Sheet),https://www.worldbank.org/en/research/commodity-markets,Official International Organization,VERIFIED_PRIMARY_SOURCE,Monthly average FOB US Gulf No. 2 Yellow Corn spot price.,user_supplied_drive_file,False
Maize / Corn (US No. 2 Yellow),,198.4,USD,metric ton,United States (US No. 2 Yellow FOB Gulf),Panamax / Supramax,Dry Bulk,World Bank Commodity Markets (Pink Sheet),https://www.worldbank.org/en/research/commodity-markets,Official International Organization,VERIFIED_PRIMARY_SOURCE,Monthly average FOB US Gulf No. 2 Yellow Corn spot price.,user_supplied_drive_file,False
Soybeans (US FOB Gulf),,378.1,USD,metric ton,United States (FOB US Gulf),Panamax / Supramax,Dry Bulk,World Bank Commodity Markets (Pink Sheet),https://www.worldbank.org/en/research/commodity-markets,Official International Organization,VERIFIED_PRIMARY_SOURCE,Monthly average FOB US Gulf soybean export spot benchmark.,user_supplied_drive_file,False
Soybeans (US FOB Gulf),,435.2,USD,metric ton,United States (FOB US Gulf),Panamax / Supramax,Dry Bulk,World Bank Commodity Markets (Pink Sheet),https://www.worldbank.org/en/research/commodity-markets,Official International Organization,VERIFIED_PRIMARY_SOURCE,Monthly average FOB US Gulf soybean export spot benchmark.,user_supplied_drive_file,False
Crude Oil (Brent),,69.08,USD,barrel,Global / North Sea,VLCC / Suezmax / Aframax,Wet Bulk,FRED St. Louis Fed / World Bank Pink Sheet,https://fred.stlouisfed.org/series/POILBREUSDM,Official Central Bank / Economic Data Provider,VERIFIED_PRIMARY_SOURCE,Monthly average Brent crude spot benchmark.,user_supplied_drive_file,False
Crude Oil (Brent),,59.41,USD,barrel,Global / North Sea,VLCC / Suezmax / Aframax,Wet Bulk,FRED St. Louis Fed / World Bank Pink Sheet,https://fred.stlouisfed.org/series/POILBREUSDM,Official Central Bank / Economic Data Provider,VERIFIED_PRIMARY_SOURCE,Monthly average Brent crude spot benchmark.,user_supplied_drive_file,False
Coal (Coal India Non-Coking G7 Grade),,2750.0,INR,metric ton,India (Pithead CIL Notification Rate),Coastal Bulk / Railway Coastal Line,Dry Bulk,Ministry of Coal / Coal India Limited (CIL) Price Notification,https://www.coal.nic.in/major-statistics/coal-statistics,Official Government Ministry,VERIFIED_PRIMARY_SOURCE,Official CIL notified pithead price for G7 grade thermal coal.,user_supplied_drive_file,False
Coal (Coal India Non-Coking G11 Grade),,1460.0,INR,metric ton,India (Pithead CIL Notification Rate),Coastal Bulk / Railway Coastal Line,Dry Bulk,Ministry of Coal / Coal India Limited (CIL) Price Notification,https://www.coal.nic.in/major-statistics/coal-statistics,Official Government Ministry,VERIFIED_PRIMARY_SOURCE,Official CIL notified pithead price for G11 grade thermal coal for power sector.,user_supplied_drive_file,False
