date,origin_country,origin_port,destination_country,destination_port,route,cargo_type,cargo_quantity_mt,vessel_class,vessel_dwt,freight_rate,rate_unit,currency,rate_basis,source,source_url,data_period,notes,source_origin,is_synthetic
2024-07-04,Australia,Hay Point,India,Visakhapatnam,Hay Point to Vizag,Coal,75000,Panamax,75000,15.4,$/mt,USD,Voyage,OPIS / Southern African Coal Report,https://www.opis.com/wp-content/uploads/2019/09/Southern-African-Coal-Report-sample.pdf,2020-01-14,Historical voyage fixture reported for SAIL. Scale terms: 40000sshex/20000sshex.,user_supplied_drive_file,False
2024-07-04,Australia,Gladstone,India,Visakhapatnam,Gladstone to Vizag,Coal,75000,Panamax,75000,15.15,$/mt,USD,Voyage,OPIS / Southern African Coal Report,https://www.opis.com/wp-content/uploads/2019/09/Southern-African-Coal-Report-sample.pdf,2020-01-14,Historical voyage fixture reported for SAIL. Scale terms: 40000sshex/20000sshex.,user_supplied_drive_file,False
2024-07-04,Australia,Dalrymple Bay,India,Gangavaram,Dalrymple Bay to Gangavaram,Coal,75000,Panamax,75000,13.25,$/mt,USD,Voyage,OPIS / Southern African Coal Report,https://www.opis.com/wp-content/uploads/2019/09/Southern-African-Coal-Report-sample.pdf,2020-01-14,Historical voyage fixture reported for RINL. Scale terms: 30000shinc/40000shinc.,user_supplied_drive_file,False
2024-07-04,Australia,East Coast Australia,India,East Coast India,EC Australia to EC India,Coal,75000,Panamax,75000,16.15,$/mt,USD,Voyage,Scribd / Dry Bulk Freight Market Assessment,https://www.scribd.com/document/805243464/20240704freightdry,2024-07-04,"Weekly spot freight assessment for 75,000t coal from East Coast Australia to East Coast India.",user_supplied_drive_file,False
2024-07-04,Russia,Ust-Luga,India,West Coast India,Ust-Luga to West Coast India,Coal,75000,Panamax,75000,42.0,$/mt,USD,Voyage,Scribd / Argus Media Data,https://www.scribd.com/document/805243464/20240704freightdry,2024-07-04,"Spot voyage freight assessment reflecting Baltic Russian export coal to India, including war risk/sanction premiums.",user_supplied_drive_file,False
2024-07-04,Russia,Ust-Luga,India,Mormugao,Ust-Luga to Mormugao,Coal,70000,Panamax,75000,43.0,$/mt,USD,Voyage,ISM Report / Panamax and Kamsarmax Freight Assessments,https://ismreport.com/freight-chartering/8131-panamax-and-kamsarmax-freight-assessments-week-27,2024-07-04,"Spot voyage assessment, load rate 20000c / disch rate 15000c.",user_supplied_drive_file,False
2025-02-24,South Africa,Richards Bay,India,Krishnapatnam,Richards Bay to Krishnapatnam,Coal,150000,Capesize,150000,18.25,$/mt,USD,Voyage,Coal Trends Global / CPT Report,https://coaltrendsglobal.com/attach/1708E0E1488C7C6BC2258C3E0058440F/$FILE/India%20CPT_24022025.pdf,2025-02-24,Capesize coal freight rate assessment from Richards Bay to East Coast India (Krishnapatnam).,user_supplied_drive_file,False
2025-02-24,South Africa,Richards Bay,India,Kandla,Richards Bay to Kandla,Coal,150000,Capesize,150000,18.3,$/mt,USD,Voyage,Coal Trends Global / CPT Report,https://coaltrendsglobal.com/attach/1708E0E1488C7C6BC2258C3E0058440F/$FILE/India%20CPT_24022025.pdf,2025-02-24,Capesize coal freight rate assessment from Richards Bay to West Coast India (Kandla).,user_supplied_drive_file,False
2024-07-04,South Africa,Richards Bay,India,Visakhapatnam,Richards Bay to Visakhapatnam,Coal,150000,Capesize,150000,11.8,$/mt,USD,Voyage,Coal Trends Global / CPT Report,https://coaltrendsglobal.com/attach/1708E0E1488C7C6BC2258C3E0058440F/$FILE/India%20CPT_24022025.pdf,2024-07-04,Capesize coal freight rate assessment from Richards Bay to Visakhapatnam.,user_supplied_drive_file,False
2024-07-04,United States,US East Coast,India,Visakhapatnam,US East Coast to Vizag,Coal,75000,Panamax,75000,39.0,$/mt,USD,Voyage,ISM Report,https://ismreport.com/freight-chartering/8131-panamax-and-kamsarmax-freight-assessments-week-27,2024-07-04,"Transatlantic/long-haul spot voyage freight assessment, load rate 25000c / disch rate 20000c.",user_supplied_drive_file,False
2022-07-29,South Africa,Richards Bay,India,West Coast India,Richards Bay to West Coast India,Coal,75000,Panamax,75000,20.85,$/mt,USD,Spot assessment,S&P Global Platts / Coal Trader International (public mirror),https://www.scribd.com/document/585467470/ICT-20220729,2022-07-29,Published Panamax spot dry-bulk freight assessment; Platts symbol CSAKL00.,user_supplied_drive_file,False
2022-07-29,South Africa,Richards Bay,India,East Coast India,Richards Bay to East Coast India,Coal,75000,Panamax,75000,21.3,$/mt,USD,Spot assessment,S&P Global Platts / Coal Trader International (public mirror),https://www.scribd.com/document/585467470/ICT-20220729,2022-07-29,Published Panamax spot dry-bulk freight assessment; Platts symbol CSAKN00.,user_supplied_drive_file,False
2022-07-29,South Africa,Richards Bay Coal Terminal,India,Dhamra,RBCT to Dhamra,Coal,150000,Capesize,150000,14.0,$/mt,USD,Voyage fixture,S&P Global Platts / Coal Trader International (public mirror),https://www.scribd.com/document/585467470/ICT-20220729,2022-07-29,"Reported current vessel fixture: 150,000 mt RBCT/Dhamra at $14/mt.",user_supplied_drive_file,False
2022-07-29,United States,Newport News,India,Visakhapatnam,Newport News to Vizag,Coal,75000,Panamax,75000,47.6,$/mt,USD,Voyage fixture,S&P Global Platts / Coal Trader International (public mirror),https://www.scribd.com/document/585467470/ICT-20220729,2022-07-29,"Reported current vessel fixture for SAIL: 75,000 mt Newport News/Vizag at $47.60/mt.",user_supplied_drive_file,False
2023-01-13,Australia,East Coast Australia,India,East Coast India,EC Australia to EC India,Coal,75000,Panamax,75000,12.65,$/mt,USD,Weekly freight assessment,CIC / Weekly Dry Bulk Freight Rates References,https://www.cic-tp.com/blog/weekly-dry-bulk-freight-rates-references-13-january-2023/,2023-01-13,"75,000 mt +/-10% Panamax weekly assessment.",user_supplied_drive_file,False
2023-01-13,South Africa,Richards Bay,India,Krishnapatnam,Richards Bay to Krishnapatnam,Coal,150000,Capesize,150000,12.45,$/mt,USD,Weekly freight assessment,CIC / Weekly Dry Bulk Freight Rates References,https://www.cic-tp.com/blog/weekly-dry-bulk-freight-rates-references-13-january-2023/,2023-01-13,"150,000 mt +/-10% Capesize weekly assessment.",user_supplied_drive_file,False
2023-06-05,South Africa,Richards Bay,India,Gangavaram,Richards Bay to Gangavaram,Coal,150000,Capesize,150000,9.25,$/mt,USD,Voyage fixture,S&P Global Platts / Coal Trader International (public mirror),https://www.scribd.com/document/658904243/Coal-Trader-International-05-06-2023,2023-06-05,"Reported 150,000 mt Richards Bay/Gangavaram fixture at $9.25/mt.",user_supplied_drive_file,False
2023-06-08,United States,Newport News,India,Visakhapatnam,Newport News to Vizag,Coal,75000,Panamax,75000,32.95,$/mt,USD,Voyage fixture,S&P Global Platts / Coal Trader International (public mirror),https://www.scribd.com/document/658904401/Coal-Trader-International-08-Jun-2023,2023-06-08,"Reported 75,000 mt Newport News/Vizag fixture for SAIL at $32.95/mt.",user_supplied_drive_file,False
2023-08-01,Australia,East Coast Australia,India,India (aggregate),Australia to India,Coal,75000,Panamax,75000,12.0,$/mt,USD,Spot assessment,S&P Global Platts / Coal Trader International,https://www.spglobal.com/commodityinsights/plattscontent/_assets/_files/en/productsservices/market-reports/coal-trader-international-070619.pdf,2023-08-01,Daily Platts dry-bulk freight assessment CDBFAI0; East Australia basis Hay Point.,user_supplied_drive_file,False
2023-08-01,United States,US East Coast,India,India (aggregate),US East Coast to India,Coal,75000,Panamax,75000,30.0,$/mt,USD,Spot assessment,S&P Global Platts / Coal Trader International,https://www.spglobal.com/commodityinsights/plattscontent/_assets/_files/en/productsservices/market-reports/coal-trader-international-070619.pdf,2023-08-01,Daily Platts dry-bulk freight assessment CDBUI00; USEC basis Hampton Roads.,user_supplied_drive_file,False
2023-08-01,South Africa,Richards Bay,India,West Coast India,Richards Bay to India West,Coal,75000,Panamax,75000,13.0,$/mt,USD,Spot assessment,S&P Global Platts / Coal Trader International,https://www.spglobal.com/commodityinsights/plattscontent/_assets/_files/en/productsservices/market-reports/coal-trader-international-070619.pdf,2023-08-01,Daily Platts Panamax spot assessment CSAKL00.,user_supplied_drive_file,False
2023-08-01,South Africa,Richards Bay,India,East Coast India,Richards Bay to India East,Coal,75000,Panamax,75000,13.15,$/mt,USD,Spot assessment,S&P Global Platts / Coal Trader International,https://www.spglobal.com/commodityinsights/plattscontent/_assets/_files/en/productsservices/market-reports/coal-trader-international-070619.pdf,2023-08-01,Daily Platts Panamax spot assessment CSAKN00.,user_supplied_drive_file,False
2023-10-01,South Africa,Richards Bay,India,Mundra,Richards Bay to Mundra,Coal,75000,Panamax/Kamsarmax,75000,17.3,$/mt,USD,Freight assessment,Shipping Market Review (public mirror),https://www.scribd.com/document/683938727/SHIPPING-MARKET-REVIEW-E12,2023-10,October 2023 market-review assessment.,user_supplied_drive_file,False
2023-10-01,South Africa,Richards Bay,India,Krishnapatnam,Richards Bay to Krishnapatnam,Coal,75000,Panamax/Kamsarmax,75000,18.5,$/mt,USD,Freight assessment,Shipping Market Review (public mirror),https://www.scribd.com/document/683938727/SHIPPING-MARKET-REVIEW-E12,2023-10,October 2023 market-review assessment.,user_supplied_drive_file,False
2023-10-01,Australia,Hay Point,India,Paradip,Hay Point to Paradip,Coal,75000,Panamax/Kamsarmax,75000,16.8,$/mt,USD,Freight assessment,Shipping Market Review (public mirror),https://www.scribd.com/document/683938727/SHIPPING-MARKET-REVIEW-E12,2023-10,October 2023 market-review assessment.,user_supplied_drive_file,False
2024-04-16,Australia,Hay Point / East Australia,India,India (aggregate),Australia to India,Coal,75000,Panamax,75000,18.1,$/mt,USD,Spot assessment,S&P Global Platts / SBB Steel Markets Daily,https://www.scribd.com/document/750930029/PLATTS-2404160-240417-105853,2024-04-16,Daily Platts dry-bulk freight assessment CDBFAI0.,user_supplied_drive_file,False
2024-04-16,United States,Hampton Roads / USEC,India,India (aggregate),USEC to India,Coal,75000,Panamax,75000,44.75,$/mt,USD,Spot assessment,S&P Global Platts / SBB Steel Markets Daily,https://www.scribd.com/document/750930029/PLATTS-2404160-240417-105853,2024-04-16,Daily Platts dry-bulk freight assessment CDBUI00; USEC basis Hampton Roads.,user_supplied_drive_file,False
2024-10-15,South Africa,Richards Bay,India,Kandla,Richards Bay to Kandla,Thermal Coal,55000,Ultramax,55000,8536.0,$/day,USD,Spot assessment,S&P Global Platts,https://www.spglobal.com/energy/en/pricing-benchmarks/our-methodology/subscriber-notes/101624-platts-corrects-some-oct-15-dry-bulk-assessments,2024-10-15,"Corrected Oct. 15 dry-bulk assessment; thermal coal, 55kt Ultramax.",user_supplied_drive_file,False
2024-10-15,South Africa,Richards Bay,India,Paradip,Richards Bay to Paradip,Thermal Coal,55000,Ultramax,55000,9659.0,$/day,USD,Spot assessment,S&P Global Platts,https://www.spglobal.com/energy/en/pricing-benchmarks/our-methodology/subscriber-notes/101624-platts-corrects-some-oct-15-dry-bulk-assessments,2024-10-15,"Corrected Oct. 15 dry-bulk assessment; thermal coal, 55kt Ultramax.",user_supplied_drive_file,False
2025-02-07,Russia,Ust-Luga,India,West Coast India,Ust-Luga to West Coast India,Coal,75000,Panamax,75000,32.0,$/mt,USD,Spot assessment,Argus Russian Coal sample report,https://view.argusmedia.com/rs/584-BUW-606/images/GEN-sample-report-Argus-Russian-Coal-2025-02-10?version=0,2025-02-07,"Argus spot coal freight rate, Panamax; report dated Feb. 10, rate for Feb. 7.",user_supplied_drive_file,False
