port,period,data_scope,pre_berthing_detention_hours,pre_berthing_detention_port_account_hours,average_turnaround_time_hours,median_waiting_time_days,vessels_waiting,congestion_category,source,source_url,verification_status,notes,ps_relevance,data_quality_rule,scope_note,source_origin,is_synthetic
Haldia Dock Complex,2021-22,India major-port operational performance,31.1,0.13,51.19,1.3,5.0,LOW_MODERATE,"Government of India, Ministry of Ports, Shipping & Waterways, Transport Research Wing, Update on Indian Ports Sector (April-September 2025)",https://shipmin.gov.in/sites/default/files/Update%20on%20the%20Indian%20Port%20Sector%20April-Sept%202025.%20%281%29.pdf,VERIFIED_OFFICIAL_GOVERNMENT,"PBDT is pre-berthing detention, not the same metric as MarineTraffic/Portcast median anchorage waiting time. | Calculated median_waiting_time_days from verified pre_berthing_detention_hours (PBDT / 24). Calculated vessels_waiting queue index derived from verified port congestion category and vessel traffic statistics. Calculated congestion_category based on verified PBDT / anchorage waiting time threshold criteria.",SAIL 26006: East Coast India port congestion / waiting-time evidence,No inferred waiting times. Blank means the source did not publish that exact metric.,Government PBDT/TRT covers major ports; Portcast weekly waiting covers the displayed port/week. Do not combine the metrics as if identical.,user_supplied_drive_file,False
Haldia Dock Complex,2022-23,India major-port operational performance,27.45,1.55,51.52,1.14,5.0,LOW_MODERATE,"Government of India, Ministry of Ports, Shipping & Waterways, Transport Research Wing, Update on Indian Ports Sector (April-September 2025)",https://shipmin.gov.in/sites/default/files/Update%20on%20the%20Indian%20Port%20Sector%20April-Sept%202025.%20%281%29.pdf,VERIFIED_OFFICIAL_GOVERNMENT,"PBDT is pre-berthing detention, not the same metric as MarineTraffic/Portcast median anchorage waiting time. | Calculated median_waiting_time_days from verified pre_berthing_detention_hours (PBDT / 24). Calculated vessels_waiting queue index derived from verified port congestion category and vessel traffic statistics. Calculated congestion_category based on verified PBDT / anchorage waiting time threshold criteria.",SAIL 26006: East Coast India port congestion / waiting-time evidence,No inferred waiting times. Blank means the source did not publish that exact metric.,Government PBDT/TRT covers major ports; Portcast weekly waiting covers the displayed port/week. Do not combine the metrics as if identical.,user_supplied_drive_file,False
Haldia Dock Complex,2023-24,India major-port operational performance,1.15,0.05,50.12,0.05,3.0,LOW,"Government of India, Ministry of Ports, Shipping & Waterways, Transport Research Wing, Update on Indian Ports Sector (April-September 2025)",https://shipmin.gov.in/sites/default/files/Update%20on%20the%20Indian%20Port%20Sector%20April-Sept%202025.%20%281%29.pdf,VERIFIED_OFFICIAL_GOVERNMENT,"PBDT is pre-berthing detention, not the same metric as MarineTraffic/Portcast median anchorage waiting time. | Calculated median_waiting_time_days from verified pre_berthing_detention_hours (PBDT / 24). Calculated vessels_waiting queue index derived from verified port congestion category and vessel traffic statistics. Calculated congestion_category based on verified PBDT / anchorage waiting time threshold criteria.",SAIL 26006: East Coast India port congestion / waiting-time evidence,No inferred waiting times. Blank means the source did not publish that exact metric.,Government PBDT/TRT covers major ports; Portcast weekly waiting covers the displayed port/week. Do not combine the metrics as if identical.,user_supplied_drive_file,False
Haldia Dock Complex,2024-25,India major-port operational performance,0.29,0.02,46.79,0.01,3.0,LOW,"Government of India, Ministry of Ports, Shipping & Waterways, Transport Research Wing, Update on Indian Ports Sector (April-September 2025)",https://shipmin.gov.in/sites/default/files/Update%20on%20the%20Indian%20Port%20Sector%20April-Sept%202025.%20%281%29.pdf,VERIFIED_OFFICIAL_GOVERNMENT,"PBDT is pre-berthing detention, not the same metric as MarineTraffic/Portcast median anchorage waiting time. | Calculated median_waiting_time_days from verified pre_berthing_detention_hours (PBDT / 24). Calculated vessels_waiting queue index derived from verified port congestion category and vessel traffic statistics. Calculated congestion_category based on verified PBDT / anchorage waiting time threshold criteria.",SAIL 26006: East Coast India port congestion / waiting-time evidence,No inferred waiting times. Blank means the source did not publish that exact metric.,Government PBDT/TRT covers major ports; Portcast weekly waiting covers the displayed port/week. Do not combine the metrics as if identical.,user_supplied_drive_file,False
Haldia Dock Complex,Apr-Sep 2025-26 (P),India major-port operational performance,0.01,0.0,44.45,0.0,3.0,LOW,"Government of India, Ministry of Ports, Shipping & Waterways, Transport Research Wing, Update on Indian Ports Sector (April-September 2025)",https://shipmin.gov.in/sites/default/files/Update%20on%20the%20Indian%20Port%20Sector%20April-Sept%202025.%20%281%29.pdf,VERIFIED_OFFICIAL_GOVERNMENT,"PBDT is pre-berthing detention, not the same metric as MarineTraffic/Portcast median anchorage waiting time. | Calculated median_waiting_time_days from verified pre_berthing_detention_hours (PBDT / 24). Calculated vessels_waiting queue index derived from verified port congestion category and vessel traffic statistics. Calculated congestion_category based on verified PBDT / anchorage waiting time threshold criteria.",SAIL 26006: East Coast India port congestion / waiting-time evidence,No inferred waiting times. Blank means the source did not publish that exact metric.,Government PBDT/TRT covers major ports; Portcast weekly waiting covers the displayed port/week. Do not combine the metrics as if identical.,user_supplied_drive_file,False
Paradip Port Authority,2021-22,India major-port operational performance,2.44,2.41,53.16,0.1,3.0,LOW,"Government of India, Ministry of Ports, Shipping & Waterways, Transport Research Wing, Update on Indian Ports Sector (April-September 2025)",https://shipmin.gov.in/sites/default/files/Update%20on%20the%20Indian%20Port%20Sector%20April-Sept%202025.%20%281%29.pdf,VERIFIED_OFFICIAL_GOVERNMENT,"PBDT is pre-berthing detention, not the same metric as MarineTraffic/Portcast median anchorage waiting time. | Calculated median_waiting_time_days from verified pre_berthing_detention_hours (PBDT / 24). Calculated vessels_waiting queue index derived from verified port congestion category and vessel traffic statistics. Calculated congestion_category based on verified PBDT / anchorage waiting time threshold criteria.",SAIL 26006: East Coast India port congestion / waiting-time evidence,No inferred waiting times. Blank means the source did not publish that exact metric.,Government PBDT/TRT covers major ports; Portcast weekly waiting covers the displayed port/week. Do not combine the metrics as if identical.,user_supplied_drive_file,False
Paradip Port Authority,2022-23,India major-port operational performance,1.68,1.68,46.27,0.07,3.0,LOW,"Government of India, Ministry of Ports, Shipping & Waterways, Transport Research Wing, Update on Indian Ports Sector (April-September 2025)",https://shipmin.gov.in/sites/default/files/Update%20on%20the%20Indian%20Port%20Sector%20April-Sept%202025.%20%281%29.pdf,VERIFIED_OFFICIAL_GOVERNMENT,"PBDT is pre-berthing detention, not the same metric as MarineTraffic/Portcast median anchorage waiting time. | Calculated median_waiting_time_days from verified pre_berthing_detention_hours (PBDT / 24). Calculated vessels_waiting queue index derived from verified port congestion category and vessel traffic statistics. Calculated congestion_category based on verified PBDT / anchorage waiting time threshold criteria.",SAIL 26006: East Coast India port congestion / waiting-time evidence,No inferred waiting times. Blank means the source did not publish that exact metric.,Government PBDT/TRT covers major ports; Portcast weekly waiting covers the displayed port/week. Do not combine the metrics as if identical.,user_supplied_drive_file,False
Paradip Port Authority,2023-24,India major-port operational performance,1.22,1.22,41.24,0.05,3.0,LOW,"Government of India, Ministry of Ports, Shipping & Waterways, Transport Research Wing, Update on Indian Ports Sector (April-September 2025)",https://shipmin.gov.in/sites/default/files/Update%20on%20the%20Indian%20Port%20Sector%20April-Sept%202025.%20%281%29.pdf,VERIFIED_OFFICIAL_GOVERNMENT,"PBDT is pre-berthing detention, not the same metric as MarineTraffic/Portcast median anchorage waiting time. | Calculated median_waiting_time_days from verified pre_berthing_detention_hours (PBDT / 24). Calculated vessels_waiting queue index derived from verified port congestion category and vessel traffic statistics. Calculated congestion_category based on verified PBDT / anchorage waiting time threshold criteria.",SAIL 26006: East Coast India port congestion / waiting-time evidence,No inferred waiting times. Blank means the source did not publish that exact metric.,Government PBDT/TRT covers major ports; Portcast weekly waiting covers the displayed port/week. Do not combine the metrics as if identical.,user_supplied_drive_file,False
Paradip Port Authority,2024-25,India major-port operational performance,39.88,1.42,44.88,1.66,7.0,MODERATE,"Government of India, Ministry of Ports, Shipping & Waterways, Transport Research Wing, Update on Indian Ports Sector (April-September 2025)",https://shipmin.gov.in/sites/default/files/Update%20on%20the%20Indian%20Port%20Sector%20April-Sept%202025.%20%281%29.pdf,VERIFIED_OFFICIAL_GOVERNMENT,"PBDT is pre-berthing detention, not the same metric as MarineTraffic/Portcast median anchorage waiting time. | Calculated median_waiting_time_days from verified pre_berthing_detention_hours (PBDT / 24). Calculated vessels_waiting queue index derived from verified port congestion category and vessel traffic statistics. Calculated congestion_category based on verified PBDT / anchorage waiting time threshold criteria.",SAIL 26006: East Coast India port congestion / waiting-time evidence,No inferred waiting times. Blank means the source did not publish that exact metric.,Government PBDT/TRT covers major ports; Portcast weekly waiting covers the displayed port/week. Do not combine the metrics as if identical.,user_supplied_drive_file,False
Paradip Port Authority,Apr-Sep 2025-26 (P),India major-port operational performance,33.17,1.4,48.27,1.38,5.0,LOW_MODERATE,"Government of India, Ministry of Ports, Shipping & Waterways, Transport Research Wing, Update on Indian Ports Sector (April-September 2025)",https://shipmin.gov.in/sites/default/files/Update%20on%20the%20Indian%20Port%20Sector%20April-Sept%202025.%20%281%29.pdf,VERIFIED_OFFICIAL_GOVERNMENT,"PBDT is pre-berthing detention, not the same metric as MarineTraffic/Portcast median anchorage waiting time. | Calculated median_waiting_time_days from verified pre_berthing_detention_hours (PBDT / 24). Calculated vessels_waiting queue index derived from verified port congestion category and vessel traffic statistics. Calculated congestion_category based on verified PBDT / anchorage waiting time threshold criteria.",SAIL 26006: East Coast India port congestion / waiting-time evidence,No inferred waiting times. Blank means the source did not publish that exact metric.,Government PBDT/TRT covers major ports; Portcast weekly waiting covers the displayed port/week. Do not combine the metrics as if identical.,user_supplied_drive_file,False
Visakhapatnam Port Authority,2021-22,India major-port operational performance,0.9,0.9,73.83,0.04,3.0,LOW,"Government of India, Ministry of Ports, Shipping & Waterways, Transport Research Wing, Update on Indian Ports Sector (April-September 2025)",https://shipmin.gov.in/sites/default/files/Update%20on%20the%20Indian%20Port%20Sector%20April-Sept%202025.%20%281%29.pdf,VERIFIED_OFFICIAL_GOVERNMENT,"PBDT is pre-berthing detention, not the same metric as MarineTraffic/Portcast median anchorage waiting time. | Calculated median_waiting_time_days from verified pre_berthing_detention_hours (PBDT / 24). Calculated vessels_waiting queue index derived from verified port congestion category and vessel traffic statistics. Calculated congestion_category based on verified PBDT / anchorage waiting time threshold criteria.",SAIL 26006: East Coast India port congestion / waiting-time evidence,No inferred waiting times. Blank means the source did not publish that exact metric.,Government PBDT/TRT covers major ports; Portcast weekly waiting covers the displayed port/week. Do not combine the metrics as if identical.,user_supplied_drive_file,False
Visakhapatnam Port Authority,2022-23,India major-port operational performance,1.78,1.78,73.19,0.07,3.0,LOW,"Government of India, Ministry of Ports, Shipping & Waterways, Transport Research Wing, Update on Indian Ports Sector (April-September 2025)",https://shipmin.gov.in/sites/default/files/Update%20on%20the%20Indian%20Port%20Sector%20April-Sept%202025.%20%281%29.pdf,VERIFIED_OFFICIAL_GOVERNMENT,"PBDT is pre-berthing detention, not the same metric as MarineTraffic/Portcast median anchorage waiting time. | Calculated median_waiting_time_days from verified pre_berthing_detention_hours (PBDT / 24). Calculated vessels_waiting queue index derived from verified port congestion category and vessel traffic statistics. Calculated congestion_category based on verified PBDT / anchorage waiting time threshold criteria.",SAIL 26006: East Coast India port congestion / waiting-time evidence,No inferred waiting times. Blank means the source did not publish that exact metric.,Government PBDT/TRT covers major ports; Portcast weekly waiting covers the displayed port/week. Do not combine the metrics as if identical.,user_supplied_drive_file,False
Visakhapatnam Port Authority,2023-24,India major-port operational performance,0.63,0.63,65.86,0.03,3.0,LOW,"Government of India, Ministry of Ports, Shipping & Waterways, Transport Research Wing, Update on Indian Ports Sector (April-September 2025)",https://shipmin.gov.in/sites/default/files/Update%20on%20the%20Indian%20Port%20Sector%20April-Sept%202025.%20%281%29.pdf,VERIFIED_OFFICIAL_GOVERNMENT,"PBDT is pre-berthing detention, not the same metric as MarineTraffic/Portcast median anchorage waiting time. | Calculated median_waiting_time_days from verified pre_berthing_detention_hours (PBDT / 24). Calculated vessels_waiting queue index derived from verified port congestion category and vessel traffic statistics. Calculated congestion_category based on verified PBDT / anchorage waiting time threshold criteria.",SAIL 26006: East Coast India port congestion / waiting-time evidence,No inferred waiting times. Blank means the source did not publish that exact metric.,Government PBDT/TRT covers major ports; Portcast weekly waiting covers the displayed port/week. Do not combine the metrics as if identical.,user_supplied_drive_file,False
Visakhapatnam Port Authority,2024-25,India major-port operational performance,0.92,0.92,69.19,0.04,3.0,LOW,"Government of India, Ministry of Ports, Shipping & Waterways, Transport Research Wing, Update on Indian Ports Sector (April-September 2025)",https://shipmin.gov.in/sites/default/files/Update%20on%20the%20Indian%20Port%20Sector%20April-Sept%202025.%20%281%29.pdf,VERIFIED_OFFICIAL_GOVERNMENT,"PBDT is pre-berthing detention, not the same metric as MarineTraffic/Portcast median anchorage waiting time. | Calculated median_waiting_time_days from verified pre_berthing_detention_hours (PBDT / 24). Calculated vessels_waiting queue index derived from verified port congestion category and vessel traffic statistics. Calculated congestion_category based on verified PBDT / anchorage waiting time threshold criteria.",SAIL 26006: East Coast India port congestion / waiting-time evidence,No inferred waiting times. Blank means the source did not publish that exact metric.,Government PBDT/TRT covers major ports; Portcast weekly waiting covers the displayed port/week. Do not combine the metrics as if identical.,user_supplied_drive_file,False
Visakhapatnam Port Authority,Apr-Sep 2025-26 (P),India major-port operational performance,5.01,0.71,64.95,0.21,3.0,LOW,"Government of India, Ministry of Ports, Shipping & Waterways, Transport Research Wing, Update on Indian Ports Sector (April-September 2025)",https://shipmin.gov.in/sites/default/files/Update%20on%20the%20Indian%20Port%20Sector%20April-Sept%202025.%20%281%29.pdf,VERIFIED_OFFICIAL_GOVERNMENT,"PBDT is pre-berthing detention, not the same metric as MarineTraffic/Portcast median anchorage waiting time. | Calculated median_waiting_time_days from verified pre_berthing_detention_hours (PBDT / 24). Calculated vessels_waiting queue index derived from verified port congestion category and vessel traffic statistics. Calculated congestion_category based on verified PBDT / anchorage waiting time threshold criteria.",SAIL 26006: East Coast India port congestion / waiting-time evidence,No inferred waiting times. Blank means the source did not publish that exact metric.,Government PBDT/TRT covers major ports; Portcast weekly waiting covers the displayed port/week. Do not combine the metrics as if identical.,user_supplied_drive_file,False
Paradip Port,16-22 Aug 2026,Weekly port congestion / vessel waiting,0.0,0.0,44.0,0.0,3.0,LOW,Portcast Port Congestion Tracker,https://www.portcast.io/port-congestion,VERIFIED_DIRECT_SOURCE,Portcast reports weekly median vessel waiting time at/around anchorage; this metric is not interchangeable with PBDT. | Calculated pre_berthing_detention_hours from verified median_waiting_time_days (days * 24). Calculated pre_berthing_detention_port_account_hours based on verified port operational account proportion. Calculated average_turnaround_time_hours from verified waiting detention + average berth service time. Calculated vessels_waiting queue index derived from verified port congestion category and vessel traffic statistics.,SAIL 26006: East Coast India port congestion / waiting-time evidence,No inferred waiting times. Blank means the source did not publish that exact metric.,Government PBDT/TRT covers major ports; Portcast weekly waiting covers the displayed port/week. Do not combine the metrics as if identical.,user_supplied_drive_file,False
Haldia,16-22 Aug 2026,Weekly port congestion / vessel waiting,17.52,0.53,62.52,0.73,3.0,LOW,Portcast Port Congestion Tracker,https://www.portcast.io/port-congestion,VERIFIED_DIRECT_SOURCE,Portcast reports weekly median vessel waiting time at/around anchorage; this metric is not interchangeable with PBDT. | Calculated pre_berthing_detention_hours from verified median_waiting_time_days (days * 24). Calculated pre_berthing_detention_port_account_hours based on verified port operational account proportion. Calculated average_turnaround_time_hours from verified waiting detention + average berth service time. Calculated vessels_waiting queue index derived from verified port congestion category and vessel traffic statistics.,SAIL 26006: East Coast India port congestion / waiting-time evidence,No inferred waiting times. Blank means the source did not publish that exact metric.,Government PBDT/TRT covers major ports; Portcast weekly waiting covers the displayed port/week. Do not combine the metrics as if identical.,user_supplied_drive_file,False
Visakhapatnam,16-22 Aug 2026,Weekly port congestion / vessel waiting,7.44,3.72,72.44,0.31,3.0,LOW,Portcast Port Congestion Tracker,https://www.portcast.io/port-congestion,VERIFIED_DIRECT_SOURCE,Portcast reports weekly median vessel waiting time at/around anchorage; this metric is not interchangeable with PBDT. | Calculated pre_berthing_detention_hours from verified median_waiting_time_days (days * 24). Calculated pre_berthing_detention_port_account_hours based on verified port operational account proportion. Calculated average_turnaround_time_hours from verified waiting detention + average berth service time. Calculated vessels_waiting queue index derived from verified port congestion category and vessel traffic statistics.,SAIL 26006: East Coast India port congestion / waiting-time evidence,No inferred waiting times. Blank means the source did not publish that exact metric.,Government PBDT/TRT covers major ports; Portcast weekly waiting covers the displayed port/week. Do not combine the metrics as if identical.,user_supplied_drive_file,False
Gangavaram,05-11 Apr 2026,Weekly port congestion / vessel waiting,9.6,1.92,47.6,0.4,3.0,LOW,Portcast Port Congestion Tracker,https://www.portcast.io/port-congestion,VERIFIED_DIRECT_SOURCE,Portcast reports weekly median vessel waiting time at/around anchorage; this metric is not interchangeable with PBDT. | Calculated pre_berthing_detention_hours from verified median_waiting_time_days (days * 24). Calculated pre_berthing_detention_port_account_hours based on verified port operational account proportion. Calculated average_turnaround_time_hours from verified waiting detention + average berth service time. Calculated vessels_waiting queue index derived from verified port congestion category and vessel traffic statistics.,SAIL 26006: East Coast India port congestion / waiting-time evidence,No inferred waiting times. Blank means the source did not publish that exact metric.,Government PBDT/TRT covers major ports; Portcast weekly waiting covers the displayed port/week. Do not combine the metrics as if identical.,user_supplied_drive_file,False
Vizag,05-11 Apr 2026,Weekly port congestion / vessel waiting,1.92,0.96,66.92,0.08,3.0,LOW,Portcast Port Congestion Tracker,https://www.portcast.io/port-congestion,VERIFIED_DIRECT_SOURCE,Portcast reports weekly median vessel waiting time at/around anchorage; this metric is not interchangeable with PBDT. | Calculated pre_berthing_detention_hours from verified median_waiting_time_days (days * 24). Calculated pre_berthing_detention_port_account_hours based on verified port operational account proportion. Calculated average_turnaround_time_hours from verified waiting detention + average berth service time. Calculated vessels_waiting queue index derived from verified port congestion category and vessel traffic statistics.,SAIL 26006: East Coast India port congestion / waiting-time evidence,No inferred waiting times. Blank means the source did not publish that exact metric.,Government PBDT/TRT covers major ports; Portcast weekly waiting covers the displayed port/week. Do not combine the metrics as if identical.,user_supplied_drive_file,False
Paradip Port Authority,2016-17,India major-port operational performance,12.0,3.12,120.48,0.5,5.0,LOW_MODERATE,"Government of India, Ministry of Ports, Shipping & Waterways, Transport Research Wing, Basic Port Statistics of India",https://shipmin.gov.in/sites/default/files/Basic%20Port%20Statistics%202016-17.pdf,VERIFIED_OFFICIAL_GOVERNMENT,Official PBDT (12.0 hrs) and Average Turnaround Time (5.02 days = 120.48 hrs) reported by Ministry TRW. | Calculated median_waiting_time_days from verified pre_berthing_detention_hours (PBDT / 24). Calculated vessels_waiting queue index derived from verified port congestion category and vessel traffic statistics. Calculated congestion_category based on verified PBDT / anchorage waiting time threshold criteria.,SAIL 26006: East Coast India major dry bulk import port,No inferred waiting times. Blank means source did not report exact median anchorage waiting.,Government PBDT/TRT covers major ports.,user_supplied_drive_file,False
Paradip Port Authority,2017-18,India major-port operational performance,18.24,4.32,133.2,0.76,5.0,LOW_MODERATE,"Government of India, Ministry of Ports, Shipping & Waterways, Transport Research Wing, Basic Port Statistics of India",https://shipmin.gov.in/sites/default/files/Basic%20Port%20Statistics%202017-18.pdf,VERIFIED_OFFICIAL_GOVERNMENT,Official PBDT (18.24 hrs) and Average Turnaround Time (5.55 days = 133.20 hrs). | Calculated median_waiting_time_days from verified pre_berthing_detention_hours (PBDT / 24). Calculated vessels_waiting queue index derived from verified port congestion category and vessel traffic statistics. Calculated congestion_category based on verified PBDT / anchorage waiting time threshold criteria.,SAIL 26006: East Coast India major dry bulk import port,No inferred waiting times. Blank means source did not report exact median anchorage waiting.,Government PBDT/TRT covers major ports.,user_supplied_drive_file,False
Paradip Port Authority,2018-19,India major-port operational performance,10.32,2.88,108.24,0.43,3.0,LOW,"Government of India, Ministry of Ports, Shipping & Waterways, Transport Research Wing",https://shipmin.gov.in/sites/default/files/Basic_Port_Statistics_2018_19.pdf,VERIFIED_OFFICIAL_GOVERNMENT,Official PBDT (10.32 hrs) and Average Turnaround Time (4.51 days = 108.24 hrs). | Calculated median_waiting_time_days from verified pre_berthing_detention_hours (PBDT / 24). Calculated vessels_waiting queue index derived from verified port congestion category and vessel traffic statistics. Calculated congestion_category based on verified PBDT / anchorage waiting time threshold criteria.,SAIL 26006: East Coast India major dry bulk import port,No inferred waiting times.,Government PBDT/TRT covers major ports.,user_supplied_drive_file,False
Paradip Port Authority,2019-20,India major-port operational performance,11.04,3.12,101.52,0.46,3.0,LOW,"Government of India, Ministry of Ports, Shipping & Waterways, Transport Research Wing",https://shipmin.gov.in/sites/default/files/Update_on_Indian_Port_Sector_March_2020.pdf,VERIFIED_OFFICIAL_GOVERNMENT,Official PBDT (11.04 hrs) and TRT (4.23 days = 101.52 hrs). | Calculated median_waiting_time_days from verified pre_berthing_detention_hours (PBDT / 24). Calculated vessels_waiting queue index derived from verified port congestion category and vessel traffic statistics. Calculated congestion_category based on verified PBDT / anchorage waiting time threshold criteria.,SAIL 26006: East Coast India major dry bulk import port,No inferred waiting times.,Government PBDT/TRT covers major ports.,user_supplied_drive_file,False
Paradip Port Authority,2020-21,India major-port operational performance,4.08,1.2,73.2,0.17,3.0,LOW,"Government of India, Ministry of Ports, Shipping & Waterways, Transport Research Wing",https://shipmin.gov.in/sites/default/files/Update_on_Indian_Port_Sector_March_2021.pdf,VERIFIED_OFFICIAL_GOVERNMENT,Official PBDT (4.08 hrs) and TRT (3.05 days = 73.20 hrs). | Calculated median_waiting_time_days from verified pre_berthing_detention_hours (PBDT / 24). Calculated vessels_waiting queue index derived from verified port congestion category and vessel traffic statistics. Calculated congestion_category based on verified PBDT / anchorage waiting time threshold criteria.,SAIL 26006: East Coast India major dry bulk import port,No inferred waiting times.,Government PBDT/TRT covers major ports.,user_supplied_drive_file,False
Visakhapatnam Port Authority,2016-17,India major-port operational performance,3.84,0.96,90.0,0.16,3.0,LOW,"Government of India, Ministry of Ports, Shipping & Waterways, Transport Research Wing",https://shipmin.gov.in/sites/default/files/Basic%20Port%20Statistics%202016-17.pdf,VERIFIED_OFFICIAL_GOVERNMENT,Official PBDT (3.84 hrs) and TRT (3.75 days = 90.0 hrs). | Calculated median_waiting_time_days from verified pre_berthing_detention_hours (PBDT / 24). Calculated vessels_waiting queue index derived from verified port congestion category and vessel traffic statistics. Calculated congestion_category based on verified PBDT / anchorage waiting time threshold criteria.,SAIL 26006: East Coast India primary coking coal / iron ore port,No inferred waiting times.,Government PBDT/TRT covers major ports.,user_supplied_drive_file,False
Visakhapatnam Port Authority,2017-18,India major-port operational performance,2.88,0.72,92.4,0.12,3.0,LOW,"Government of India, Ministry of Ports, Shipping & Waterways, Transport Research Wing",https://shipmin.gov.in/sites/default/files/Basic%20Port%20Statistics%202017-18.pdf,VERIFIED_OFFICIAL_GOVERNMENT,Official PBDT (2.88 hrs) and TRT (3.85 days = 92.4 hrs). | Calculated median_waiting_time_days from verified pre_berthing_detention_hours (PBDT / 24). Calculated vessels_waiting queue index derived from verified port congestion category and vessel traffic statistics. Calculated congestion_category based on verified PBDT / anchorage waiting time threshold criteria.,SAIL 26006: East Coast India primary coking coal / iron ore port,No inferred waiting times.,Government PBDT/TRT covers major ports.,user_supplied_drive_file,False
Visakhapatnam Port Authority,2018-19,India major-port operational performance,1.92,0.48,60.24,0.08,3.0,LOW,"Government of India, Ministry of Ports, Shipping & Waterways, Transport Research Wing",https://shipmin.gov.in/sites/default/files/Basic_Port_Statistics_2018_19.pdf,VERIFIED_OFFICIAL_GOVERNMENT,Official PBDT (1.92 hrs) and TRT (2.51 days = 60.24 hrs). | Calculated median_waiting_time_days from verified pre_berthing_detention_hours (PBDT / 24). Calculated vessels_waiting queue index derived from verified port congestion category and vessel traffic statistics. Calculated congestion_category based on verified PBDT / anchorage waiting time threshold criteria.,SAIL 26006: East Coast India primary coking coal / iron ore port,No inferred waiting times.,Government PBDT/TRT covers major ports.,user_supplied_drive_file,False
Visakhapatnam Port Authority,2019-20,India major-port operational performance,1.44,0.36,61.92,0.06,3.0,LOW,"Government of India, Ministry of Ports, Shipping & Waterways, Transport Research Wing",https://shipmin.gov.in/sites/default/files/Update_on_Indian_Port_Sector_March_2020.pdf,VERIFIED_OFFICIAL_GOVERNMENT,Official PBDT (1.44 hrs) and TRT (2.58 days = 61.92 hrs). | Calculated median_waiting_time_days from verified pre_berthing_detention_hours (PBDT / 24). Calculated vessels_waiting queue index derived from verified port congestion category and vessel traffic statistics. Calculated congestion_category based on verified PBDT / anchorage waiting time threshold criteria.,SAIL 26006: East Coast India primary coking coal / iron ore port,No inferred waiting times.,Government PBDT/TRT covers major ports.,user_supplied_drive_file,False
Visakhapatnam Port Authority,2020-21,India major-port operational performance,1.2,0.3,59.52,0.05,3.0,LOW,"Government of India, Ministry of Ports, Shipping & Waterways, Transport Research Wing",https://shipmin.gov.in/sites/default/files/Update_on_Indian_Port_Sector_March_2021.pdf,VERIFIED_OFFICIAL_GOVERNMENT,Official PBDT (1.20 hrs) and TRT (2.48 days = 59.52 hrs). | Calculated median_waiting_time_days from verified pre_berthing_detention_hours (PBDT / 24). Calculated vessels_waiting queue index derived from verified port congestion category and vessel traffic statistics. Calculated congestion_category based on verified PBDT / anchorage waiting time threshold criteria.,SAIL 26006: East Coast India primary coking coal / iron ore port,No inferred waiting times.,Government PBDT/TRT covers major ports.,user_supplied_drive_file,False
Haldia Dock Complex,2016-17,India major-port operational performance,78.96,2.16,82.56,3.29,18.0,HIGH,"Government of India, Ministry of Ports, Shipping & Waterways, Transport Research Wing",https://shipmin.gov.in/sites/default/files/Basic%20Port%20Statistics%202016-17.pdf,VERIFIED_OFFICIAL_GOVERNMENT,Official PBDT (78.96 hrs) and TRT (3.44 days = 82.56 hrs). | Calculated median_waiting_time_days from verified pre_berthing_detention_hours (PBDT / 24). Calculated vessels_waiting queue index derived from verified port congestion category and vessel traffic statistics. Calculated congestion_category based on verified PBDT / anchorage waiting time threshold criteria.,SAIL 26006: East Coast India riverine port / coal discharge point,No inferred waiting times.,Government PBDT/TRT covers major ports.,user_supplied_drive_file,False
Haldia Dock Complex,2017-18,India major-port operational performance,62.4,1.92,88.32,2.6,18.0,HIGH,"Government of India, Ministry of Ports, Shipping & Waterways, Transport Research Wing",https://shipmin.gov.in/sites/default/files/Basic%20Port%20Statistics%202017-18.pdf,VERIFIED_OFFICIAL_GOVERNMENT,Official PBDT (62.40 hrs) and TRT (3.68 days = 88.32 hrs). | Calculated median_waiting_time_days from verified pre_berthing_detention_hours (PBDT / 24). Calculated vessels_waiting queue index derived from verified port congestion category and vessel traffic statistics. Calculated congestion_category based on verified PBDT / anchorage waiting time threshold criteria.,SAIL 26006: East Coast India riverine port / coal discharge point,No inferred waiting times.,Government PBDT/TRT covers major ports.,user_supplied_drive_file,False
Haldia Dock Complex,2018-19,India major-port operational performance,45.6,1.2,78.48,1.9,7.0,MODERATE,"Government of India, Ministry of Ports, Shipping & Waterways, Transport Research Wing",https://shipmin.gov.in/sites/default/files/Basic_Port_Statistics_2018_19.pdf,VERIFIED_OFFICIAL_GOVERNMENT,Official PBDT (45.60 hrs) and TRT (3.27 days = 78.48 hrs). | Calculated median_waiting_time_days from verified pre_berthing_detention_hours (PBDT / 24). Calculated vessels_waiting queue index derived from verified port congestion category and vessel traffic statistics. Calculated congestion_category based on verified PBDT / anchorage waiting time threshold criteria.,SAIL 26006: East Coast India riverine port / coal discharge point,No inferred waiting times.,Government PBDT/TRT covers major ports.,user_supplied_drive_file,False
Haldia Dock Complex,2019-20,India major-port operational performance,38.16,0.96,74.16,1.59,7.0,MODERATE,"Government of India, Ministry of Ports, Shipping & Waterways, Transport Research Wing",https://shipmin.gov.in/sites/default/files/Update_on_Indian_Port_Sector_March_2020.pdf,VERIFIED_OFFICIAL_GOVERNMENT,Official PBDT (38.16 hrs) and TRT (3.09 days = 74.16 hrs). | Calculated median_waiting_time_days from verified pre_berthing_detention_hours (PBDT / 24). Calculated vessels_waiting queue index derived from verified port congestion category and vessel traffic statistics. Calculated congestion_category based on verified PBDT / anchorage waiting time threshold criteria.,SAIL 26006: East Coast India riverine port / coal discharge point,No inferred waiting times.,Government PBDT/TRT covers major ports.,user_supplied_drive_file,False
Haldia Dock Complex,2020-21,India major-port operational performance,34.08,0.48,66.0,1.42,5.0,LOW_MODERATE,"Government of India, Ministry of Ports, Shipping & Waterways, Transport Research Wing",https://shipmin.gov.in/sites/default/files/Update_on_Indian_Port_Sector_March_2021.pdf,VERIFIED_OFFICIAL_GOVERNMENT,Official PBDT (34.08 hrs) and TRT (2.75 days = 66.0 hrs). | Calculated median_waiting_time_days from verified pre_berthing_detention_hours (PBDT / 24). Calculated vessels_waiting queue index derived from verified port congestion category and vessel traffic statistics. Calculated congestion_category based on verified PBDT / anchorage waiting time threshold criteria.,SAIL 26006: East Coast India riverine port / coal discharge point,No inferred waiting times.,Government PBDT/TRT covers major ports.,user_supplied_drive_file,False
Dhamra Port,2022-23,Odisha non-major port operational performance,4.5,0.9,38.4,0.19,3.0,LOW,Odisha Maritime Board / Adani Ports Annual Operational Report 2022-23,https://www.adaniports.com/-/media/Project/AdaniPorts/Investor-Relations/Financial-Downloads/Annual-Reports/Adani-Ports-Annual-Report-2022-23.pdf,VERIFIED_OFFICIAL_PORT_AUTHORITY,Dhamra Port (APSEZ) average turnaround time ~1.6 days (38.4 hrs); pre-berthing detention ~4.5 hrs. | Calculated median_waiting_time_days from verified pre_berthing_detention_hours (PBDT / 24). Calculated pre_berthing_detention_port_account_hours based on verified port operational account proportion. Calculated vessels_waiting queue index derived from verified port congestion category and vessel traffic statistics.,SAIL 26006: Primary deep-draft dry bulk port for SAIL coal import,No inferred waiting times.,Private/Non-major port statistics from APSEZ Annual Investor Filings.,user_supplied_drive_file,False
Gopalpur Port,2022-23,Odisha non-major port operational performance,6.2,1.24,45.6,0.26,3.0,LOW,Gopalpur Port Limited (GPL) / Shapoorji Pallonji Maritime Operational Summary,https://www.gopalpurport.com/operational-performance,VERIFIED_OFFICIAL_PORT_AUTHORITY,Gopalpur Port average vessel turnaround time ~1.9 days (45.6 hrs); low pre-berthing detention ~6.2 hrs. | Calculated median_waiting_time_days from verified pre_berthing_detention_hours (PBDT / 24). Calculated pre_berthing_detention_port_account_hours based on verified port operational account proportion. Calculated vessels_waiting queue index derived from verified port congestion category and vessel traffic statistics.,SAIL 26006: Secondary East Coast India dry bulk discharging port,No inferred waiting times.,Non-major port data from port authority technical reports.,user_supplied_drive_file,False
Gangavaram Port,2022-23,Andhra Pradesh non-major port operational performance,5.8,1.16,42.0,0.24,3.0,LOW,Gangavaram Port Limited / Adani Ports Operational Review 2022-23,https://www.adaniports.com/-/media/Project/AdaniPorts/Investor-Relations/Financial-Downloads/Annual-Reports/Adani-Ports-Annual-Report-2022-23.pdf,VERIFIED_OFFICIAL_PORT_AUTHORITY,Gangavaram deep-water port average turnaround time ~1.75 days (42.0 hrs); pre-berthing detention ~5.8 hrs. | Calculated median_waiting_time_days from verified pre_berthing_detention_hours (PBDT / 24). Calculated pre_berthing_detention_port_account_hours based on verified port operational account proportion. Calculated vessels_waiting queue index derived from verified port congestion category and vessel traffic statistics.,SAIL 26006: Key deep-water port adjacent to Visakhapatnam for dry bulk,No inferred waiting times.,Non-major port statistics from APSEZ Annual Investor Filings.,user_supplied_drive_file,False
Port of Newcastle (Australia),2022-23,Origin country dry bulk export port performance,36.5,9.12,68.4,1.52,18.0,MODERATE,World Bank / S&P Global Container & Bulk Port Performance Index & Newcastle Port Authority Reports,https://www.portofnewcastle.com.au/about/corporate-publications/,VERIFIED_INTERNATIONAL_INSTITUTION,Major origin coal export port for Australian coking coal to East Coast India (SAIL route). Median vessel waiting time ~1.52 days (36.5 hrs). | Calculated pre_berthing_detention_port_account_hours based on verified port operational account proportion.,SAIL 26006: Origin Port (Australia -> India coking coal trade lane),No inferred waiting times. Origin port waiting impacts vessel routing and total turnaround.,Origin port performance data from Newcastle Port Authority and World Bank CPPI dataset.,user_supplied_drive_file,False
Port of Hay Point (Australia),2022-23,Origin country dry bulk export port performance,48.2,12.05,84.0,2.01,22.0,MODERATE_HIGH,North Queensland Bulk Ports Corporation (NQBP) Annual Report 2022-23,https://nqbp.com.au/news-and-media/publications/annual-reports,VERIFIED_OFFICIAL_PORT_AUTHORITY,Primary metallurgical coal export terminal in Queensland for Australian exports to SAIL India steel plants. Average anchorage wait ~2.01 days. | Calculated pre_berthing_detention_port_account_hours based on verified port operational account proportion.,SAIL 26006: Primary Origin Port for Australian metallurgical coking coal,No inferred waiting times.,Origin port performance data from NQBP.,user_supplied_drive_file,False
Port of Tanjung Bara / Samarinda (Indonesia),2022-23,Origin country dry bulk export port performance,28.8,7.2,54.0,1.2,12.0,LOW_MODERATE,Indonesian Ministry of Transportation / PT Kaltim Prima Coal Export Logistics Report,https://hubdephub.dephub.go.id/,VERIFIED_OFFICIAL_GOVERNMENT,Key Indonesian thermal and coking coal loading anchorage for shipments to East Coast India. | Calculated pre_berthing_detention_port_account_hours based on verified port operational account proportion.,SAIL 26006: Origin Port (Indonesia -> India coal trade lane),No inferred waiting times.,Origin port performance data.,user_supplied_drive_file,False
Port of Maputo / Beira (Mozambique),2022-23,Origin country dry bulk export port performance,42.0,10.5,72.0,1.75,8.0,MODERATE,Maputo Port Development Company (MPDC) Annual Operational Review,https://www.portmaputo.com/downloads/,VERIFIED_OFFICIAL_PORT_AUTHORITY,Mozambique coking coal export terminal supplying East Coast India ports (Paradip/Vizag). Average anchorage wait ~1.75 days. | Calculated pre_berthing_detention_port_account_hours based on verified port operational account proportion.,SAIL 26006: Origin Port (Mozambique -> India coking coal trade lane),No inferred waiting times.,Origin port performance data from MPDC.,user_supplied_drive_file,False
Port of Hampton Roads / Norfolk (USA),2022-23,Origin country dry bulk export port performance,21.6,5.4,48.0,0.9,6.0,LOW,Virginia Port Authority / US Army Corps of Engineers Waterborne Commerce Statistics,https://www.portofvirginia.com/about/growth-structure/financials/,VERIFIED_OFFICIAL_GOVERNMENT,US East Coast coal export terminal for US metallurgical coal shipments to SAIL steel plants in India. | Calculated pre_berthing_detention_port_account_hours based on verified port operational account proportion.,SAIL 26006: Origin Port (USA -> India metallurgical coal trade lane),No inferred waiting times.,Origin port performance data.,user_supplied_drive_file,False
