port_id,port_name,country,source_origin,is_synthetic
AUS_HAY,Hay Point,Australia,curated_from_user_supplied_route_and_port_files,False
AUS_GLA,Gladstone,Australia,curated_from_user_supplied_route_and_port_files,False
AUS_NEW,Newcastle,Australia,curated_from_user_supplied_route_and_port_files,False
IDN_SK,South Kalimantan,Indonesia,curated_from_user_supplied_route_and_port_files,False
ZAF_RB,Richards Bay,South Africa,curated_from_user_supplied_route_and_port_files,False
MOZ_NAC,Nacala-a-Velha,Mozambique,curated_from_user_supplied_route_and_port_files,False
USA_HR,Hampton Roads,United States,curated_from_user_supplied_route_and_port_files,False
IND_PAR,Paradip,India,curated_from_user_supplied_route_and_port_files,False
IND_DHA,Dhamra,India,curated_from_user_supplied_route_and_port_files,False
IND_VIZ,Visakhapatnam,India,curated_from_user_supplied_route_and_port_files,False
IND_GAN,Gangavaram,India,curated_from_user_supplied_route_and_port_files,False
