origin_country,origin_port,destination_port,cargo,sea_distance_nm,transit_time,route_evidence,verification_status,source_name,source_url,distance_status,transit_status,ps_alignment,notes,sea_distance_nm_estimated,transit_time_days_estimated_12kt,derived_data_status,data_integrity_note,source_origin,is_synthetic
Australia,"Newcastle, NSW","Paradip, India",Coal,5696,Not directly sourced,Documented shipping distance from Newcastle NSW to Paradip; coal shipping route.,VERIFIED_SOURCE_DATA,GCM Phulbari Project / Coaltrans Asia presentation,https://www.gcmplc.com/sites/gcm-resources/files/2017-09/Asia_energy_CoalTrans_2006.pdf,VERIFIED_DISTANCE,NO_OBSERVED_TRANSIT_TIME_ENTERED,PS-26006: overseas origin to East Coast India,Only PS-relevant routes are included. No generic Middle East/Africa/Australia routes were added merely to increase row count. Distance is populated only where a cited source supports it. Transit time is not fabricated.,,,SOURCE_DISTANCE_PRESENT / NO_DERIVED_VALUE,Original source fields preserved. Derived distance uses approximate great-circle distance with a 10% routing factor; estimated transit assumes 12 knots. These derived values MUST NOT be presented as verified observations.,user_supplied_drive_file,False
Australia,"Hay Point, Australia","Visakhapatnam, India",Coking coal,4989,Not directly sourced,"Australian ATSB investigation documents a 61,951-tonne coking-coal voyage from Hay Point to Visakhapatnam.",VERIFIED_ROUTE,Australian Transport Safety Bureau,https://www.atsb.gov.au/sites/default/files/investigation-reports/mair182_001.pdf,NOT_FOUND_IN_VERIFIED_SOURCE,NO_OBSERVED_TRANSIT_TIME_ENTERED,PS-26006: overseas origin to East Coast India,Only PS-relevant routes are included. No generic Middle East/Africa/Australia routes were added merely to increase row count. Distance is populated only where a cited source supports it. Transit time is not fabricated.,4989.0,17.3,DERIVED_ESTIMATE — NOT VERIFIED SEA DISTANCE / NOT OBSERVED TRANSIT,Original source fields preserved. Derived distance uses approximate great-circle distance with a 10% routing factor; estimated transit assumes 12 knots. These derived values MUST NOT be presented as verified observations.,user_supplied_drive_file,False
Australia,"Hay Point, Australia","Haldia, India",Coking coal,4872,Not directly sourced,Indian court record documents a SAIL-chartered vessel carrying coal from Hay Point that discharged part cargo at Visakhapatnam and part at Haldia.,VERIFIED_ROUTE,Chowgule & Co. Ltd. v. Collector of Customs,https://indiankanoon.org/doc/1172192/?type=print,NOT_FOUND_IN_VERIFIED_SOURCE,NO_OBSERVED_TRANSIT_TIME_ENTERED,PS-26006: overseas origin to East Coast India,Only PS-relevant routes are included. No generic Middle East/Africa/Australia routes were added merely to increase row count. Distance is populated only where a cited source supports it. Transit time is not fabricated.,4872.0,16.9,DERIVED_ESTIMATE — NOT VERIFIED SEA DISTANCE / NOT OBSERVED TRANSIT,Original source fields preserved. Derived distance uses approximate great-circle distance with a 10% routing factor; estimated transit assumes 12 knots. These derived values MUST NOT be presented as verified observations.,user_supplied_drive_file,False
Australia,"Hay Point, Australia","Paradip, India",Coal,4883,Not directly sourced,"S&P Global Platts identifies Hay Point, Australia–Paradip, India as a dry-bulk freight voyage route.",VERIFIED_ROUTE,S&P Global Commodity Insights,https://www.spglobal.com/energy/en/pricing-benchmarks/our-methodology/subscriber-notes/051023-platts-to-amend-dry-bulk-index-weightages-to-reflect-trade-flow-changes,NOT_FOUND_IN_VERIFIED_SOURCE,NO_OBSERVED_TRANSIT_TIME_ENTERED,PS-26006: overseas origin to East Coast India,Only PS-relevant routes are included. No generic Middle East/Africa/Australia routes were added merely to increase row count. Distance is populated only where a cited source supports it. Transit time is not fabricated.,4883.0,17.0,DERIVED_ESTIMATE — NOT VERIFIED SEA DISTANCE / NOT OBSERVED TRANSIT,Original source fields preserved. Derived distance uses approximate great-circle distance with a 10% routing factor; estimated transit assumes 12 knots. These derived values MUST NOT be presented as verified observations.,user_supplied_drive_file,False
Indonesia,Tanjung Bara / South Kalimantan,"Paradip, India",Thermal coal,2743,Not directly sourced,"PUB151-derived material gives Tanjung Bara to Paradip as 2,743 nautical miles; S&P also publishes South Kalimantan–Paradip coal freight assessments.",VERIFIED_SOURCE_DATA,PUB151 / GCM Phulbari Project + S&P Global,https://www.gcmplc.com/sites/gcm-resources/files/2017-09/Asia_energy_CoalTrans_2006.pdf,VERIFIED_DISTANCE,NO_OBSERVED_TRANSIT_TIME_ENTERED,PS-26006: overseas origin to East Coast India,Only PS-relevant routes are included. No generic Middle East/Africa/Australia routes were added merely to increase row count. Distance is populated only where a cited source supports it. Transit time is not fabricated.,,,SOURCE_DISTANCE_PRESENT / NO_DERIVED_VALUE,Original source fields preserved. Derived distance uses approximate great-circle distance with a 10% routing factor; estimated transit assumes 12 knots. These derived values MUST NOT be presented as verified observations.,user_supplied_drive_file,False
Indonesia,South Kalimantan,"Paradip, India",Thermal coal,2394,Not directly sourced,S&P Global documents an active South Kalimantan–Paradip coal route and freight assessment.,VERIFIED_ROUTE,S&P Global Commodity Insights,https://www.spglobal.com/energy/en/pricing-benchmarks/our-methodology/subscriber-notes/081516-platts-to-launch-new-supramax-coal-freight-assessments,NOT_FOUND_IN_VERIFIED_SOURCE,NO_OBSERVED_TRANSIT_TIME_ENTERED,PS-26006: overseas origin to East Coast India,Only PS-relevant routes are included. No generic Middle East/Africa/Australia routes were added merely to increase row count. Distance is populated only where a cited source supports it. Transit time is not fabricated.,2394.0,8.3,DERIVED_ESTIMATE — NOT VERIFIED SEA DISTANCE / NOT OBSERVED TRANSIT,Original source fields preserved. Derived distance uses approximate great-circle distance with a 10% routing factor; estimated transit assumes 12 knots. These derived values MUST NOT be presented as verified observations.,user_supplied_drive_file,False
Indonesia,South Kalimantan,"Vizag, India",Thermal coal,2512,Not directly sourced,"S&P methodology lists the South Kalimantan–Paradip basis route and a differential to Vizag, confirming East Coast India route coverage.",VERIFIED_ROUTE_BASIS,S&P Global Commodity Insights,https://www.spglobal.com/energy/en/pricing-benchmarks/our-methodology/subscriber-notes/121117-platts-to-amend-asia-supramax-coal-cargo-sizes,NOT_FOUND_IN_VERIFIED_SOURCE,NO_OBSERVED_TRANSIT_TIME_ENTERED,PS-26006: overseas origin to East Coast India,Only PS-relevant routes are included. No generic Middle East/Africa/Australia routes were added merely to increase row count. Distance is populated only where a cited source supports it. Transit time is not fabricated.,2512.0,8.7,DERIVED_ESTIMATE — NOT VERIFIED SEA DISTANCE / NOT OBSERVED TRANSIT,Original source fields preserved. Derived distance uses approximate great-circle distance with a 10% routing factor; estimated transit assumes 12 knots. These derived values MUST NOT be presented as verified observations.,user_supplied_drive_file,False
Mozambique,"Nacala-a-Velha, Mozambique","Paradip, India",Dry bulk / coal,3764,Not directly sourced,JICA report based on Lloyd's List Intelligence SeaSearcher and OpenStreetMap shows vessel movement from Nacala-a-Velha to Paradip.,VERIFIED_ROUTE,JICA report using Lloyd's List Intelligence SeaSearcher,https://openjicareport.jica.go.jp/pdf/1000056735.pdf,NOT_FOUND_IN_VERIFIED_SOURCE,NO_OBSERVED_TRANSIT_TIME_ENTERED,PS-26006: overseas origin to East Coast India,Only PS-relevant routes are included. No generic Middle East/Africa/Australia routes were added merely to increase row count. Distance is populated only where a cited source supports it. Transit time is not fabricated.,3764.0,13.1,DERIVED_ESTIMATE — NOT VERIFIED SEA DISTANCE / NOT OBSERVED TRANSIT,Original source fields preserved. Derived distance uses approximate great-circle distance with a 10% routing factor; estimated transit assumes 12 knots. These derived values MUST NOT be presented as verified observations.,user_supplied_drive_file,False
Mozambique,"Nacala-a-Velha, Mozambique","Gangavaram, India",Dry bulk / coal,3488,Not directly sourced,JICA report shows dry-bulk vessel movement from Nacala-a-Velha to Gangavaram among Indian destinations.,VERIFIED_ROUTE,JICA report using Lloyd's List Intelligence SeaSearcher,https://openjicareport.jica.go.jp/pdf/1000056735.pdf,NOT_FOUND_IN_VERIFIED_SOURCE,NO_OBSERVED_TRANSIT_TIME_ENTERED,PS-26006: overseas origin to East Coast India,Only PS-relevant routes are included. No generic Middle East/Africa/Australia routes were added merely to increase row count. Distance is populated only where a cited source supports it. Transit time is not fabricated.,3488.0,12.1,DERIVED_ESTIMATE — NOT VERIFIED SEA DISTANCE / NOT OBSERVED TRANSIT,Original source fields preserved. Derived distance uses approximate great-circle distance with a 10% routing factor; estimated transit assumes 12 knots. These derived values MUST NOT be presented as verified observations.,user_supplied_drive_file,False
Mozambique,"Nacala-a-Velha, Mozambique","Kakinada, India",Dry bulk / coal,3410,Not directly sourced,JICA report shows dry-bulk vessel movement from Nacala-a-Velha to Kakinada among Indian destinations.,VERIFIED_ROUTE,JICA report using Lloyd's List Intelligence SeaSearcher,https://openjicareport.jica.go.jp/pdf/1000056735.pdf,NOT_FOUND_IN_VERIFIED_SOURCE,NO_OBSERVED_TRANSIT_TIME_ENTERED,PS-26006: overseas origin to East Coast India,Only PS-relevant routes are included. No generic Middle East/Africa/Australia routes were added merely to increase row count. Distance is populated only where a cited source supports it. Transit time is not fabricated.,3410.0,11.8,DERIVED_ESTIMATE — NOT VERIFIED SEA DISTANCE / NOT OBSERVED TRANSIT,Original source fields preserved. Derived distance uses approximate great-circle distance with a 10% routing factor; estimated transit assumes 12 knots. These derived values MUST NOT be presented as verified observations.,user_supplied_drive_file,False
United States,"Hampton Roads, US East Coast","Paradip, India",Coal,7964,Not directly sourced,"S&P Global Dry Freight Wire lists Hampton Roads, US East Coast–Paradip, East Coast India as a coal fronthaul route.",VERIFIED_ROUTE,S&P Global Commodity Insights,https://www.scribd.com/document/1009938919/Dry-Freight-Wire-06-Mar-2026,NOT_FOUND_IN_VERIFIED_SOURCE,NO_OBSERVED_TRANSIT_TIME_ENTERED,PS-26006: overseas origin to East Coast India,Only PS-relevant routes are included. No generic Middle East/Africa/Australia routes were added merely to increase row count. Distance is populated only where a cited source supports it. Transit time is not fabricated.,7964.0,27.7,DERIVED_ESTIMATE — NOT VERIFIED SEA DISTANCE / NOT OBSERVED TRANSIT,Original source fields preserved. Derived distance uses approximate great-circle distance with a 10% routing factor; estimated transit assumes 12 knots. These derived values MUST NOT be presented as verified observations.,user_supplied_drive_file,False
United States,US origin (route family),East Coast India,Coking coal,8064,Not directly sourced,India Ministry of Coal December 2024 import statistics show US-origin coking coal entering East Coast ports including Paradip and Gangavaram.,VERIFIED_FLOW_EVIDENCE,"Ministry of Coal, Government of India",https://coal.nic.in/sites/default/files/2025-02/srn-dec-2024.pdf,NOT_FOUND_IN_VERIFIED_SOURCE,NO_OBSERVED_TRANSIT_TIME_ENTERED,PS-26006: overseas origin to East Coast India,Only PS-relevant routes are included. No generic Middle East/Africa/Australia routes were added merely to increase row count. Distance is populated only where a cited source supports it. Transit time is not fabricated.,8046.0,27.9,DERIVED_ESTIMATE — NOT VERIFIED SEA DISTANCE / NOT OBSERVED TRANSIT,Original source fields preserved. Derived distance uses approximate great-circle distance with a 10% routing factor; estimated transit assumes 12 knots. These derived values MUST NOT be presented as verified observations.,user_supplied_drive_file,False
