commodity,date,price,currency,unit,market_or_region,vessel_class,shipping_bulk_type,source_name,source_url,source_type,verification_status,notes
Iron Ore,2026-07,98.2,USD,dry metric ton unit,"Global benchmark; 62% Fe fines, CFR China",Capesize,Dry Bulk,World Bank Commodity Markets (Pink Sheet),https://www.worldbank.org/en/research/commodity-markets,Official international benchmark,VERIFIED,2026-07 monthly benchmark; value independently surfaced from the August 2026 Pink Sheet edition.
Aluminum,2026-07,3161.0,USD,metric ton,LME high-grade primary ingot,Handysize / Supramax / General Cargo,Dry Bulk,World Bank Commodity Markets (Pink Sheet),https://www.worldbank.org/en/research/commodity-markets,Official international benchmark,VERIFIED,2026-07 monthly benchmark.
Copper,2026-07,13543.0,USD,metric ton,LME Grade A,Handysize / Supramax / General Cargo,Dry Bulk,World Bank Commodity Markets (Pink Sheet),https://www.worldbank.org/en/research/commodity-markets,Official international benchmark,VERIFIED,2026-07 monthly benchmark.
Lead,2026-07,1842.0,USD,metric ton,LME refined lead,Handysize / Supramax / General Cargo,Dry Bulk,World Bank Commodity Markets (Pink Sheet),https://www.worldbank.org/en/research/commodity-markets,Official international benchmark,VERIFIED,2026-07 monthly benchmark.
Tin,2026-07,52971.0,USD,metric ton,LME refined tin,Handysize / Supramax / General Cargo,Dry Bulk,World Bank Commodity Markets (Pink Sheet),https://www.worldbank.org/en/research/commodity-markets,Official international benchmark,VERIFIED,2026-07 monthly benchmark.
Nickel,2026-07,16651.0,USD,metric ton,LME nickel,Handysize / Supramax / General Cargo,Dry Bulk,World Bank Commodity Markets (Pink Sheet),https://www.worldbank.org/en/research/commodity-markets,Official international benchmark,VERIFIED,2026-07 monthly benchmark.
Zinc,2026-07,3599.0,USD,metric ton,LME high-grade zinc,Handysize / Supramax / General Cargo,Dry Bulk,World Bank Commodity Markets (Pink Sheet),https://www.worldbank.org/en/research/commodity-markets,Official international benchmark,VERIFIED,2026-07 monthly benchmark.
Gold,2026-07,4073.0,USD,troy ounce,Global benchmark,General Cargo / Container,Precious Metals,World Bank Commodity Markets (Pink Sheet),https://www.worldbank.org/en/research/commodity-markets,Official international benchmark,VERIFIED,2026-07 monthly benchmark.
Iron Ore,2026-06,100.8,USD,dry metric ton unit,"Global benchmark; 62% Fe fines, CFR China",Capesize,Dry Bulk,World Bank Commodity Markets (Pink Sheet),https://www.worldbank.org/en/research/commodity-markets,Official international benchmark,VERIFIED,2026-06 monthly benchmark.
Aluminum,2026-06,3439.0,USD,metric ton,LME high-grade primary ingot,Handysize / Supramax / General Cargo,Dry Bulk,World Bank Commodity Markets (Pink Sheet),https://www.worldbank.org/en/research/commodity-markets,Official international benchmark,VERIFIED,2026-06 monthly benchmark.
Copper,2026-06,13552.0,USD,metric ton,LME Grade A,Handysize / Supramax / General Cargo,Dry Bulk,World Bank Commodity Markets (Pink Sheet),https://www.worldbank.org/en/research/commodity-markets,Official international benchmark,VERIFIED,2026-06 monthly benchmark.
Gold,2026-06,4228.0,USD,troy ounce,Global benchmark,General Cargo / Container,Precious Metals,World Bank Commodity Markets (Pink Sheet),https://www.worldbank.org/en/research/commodity-markets,Official international benchmark,VERIFIED,2026-06 monthly benchmark.
Crude Oil - WTI,2026-07-17,80.77,USD,barrel,"Cushing, Oklahoma",VLCC / Suezmax / Aframax,Wet Bulk,U.S. Energy Information Administration (EIA),https://www.eia.gov/dnav/pet/PET_PRI_SPT_S1_W.htm,Official government statistics,VERIFIED,Weekly spot price.
Crude Oil - Brent,2026-07-17,82.93,USD,barrel,Europe,VLCC / Suezmax / Aframax,Wet Bulk,U.S. Energy Information Administration (EIA),https://www.eia.gov/dnav/pet/PET_PRI_SPT_S1_W.htm,Official government statistics,VERIFIED,Weekly spot price.
Crude Oil - WTI,2026-07-24,88.58,USD,barrel,"Cushing, Oklahoma",VLCC / Suezmax / Aframax,Wet Bulk,U.S. Energy Information Administration (EIA),https://www.eia.gov/dnav/pet/PET_PRI_SPT_S1_W.htm,Official government statistics,VERIFIED,Weekly spot price.
Crude Oil - Brent,2026-07-24,96.12,USD,barrel,Europe,VLCC / Suezmax / Aframax,Wet Bulk,U.S. Energy Information Administration (EIA),https://www.eia.gov/dnav/pet/PET_PRI_SPT_S1_W.htm,Official government statistics,VERIFIED,Weekly spot price.
Crude Oil - WTI,2026-07-31,84.51,USD,barrel,"Cushing, Oklahoma",VLCC / Suezmax / Aframax,Wet Bulk,U.S. Energy Information Administration (EIA),https://www.eia.gov/dnav/pet/PET_PRI_SPT_S1_W.htm,Official government statistics,VERIFIED,Weekly spot price.
Crude Oil - Brent,2026-07-31,91.63,USD,barrel,Europe,VLCC / Suezmax / Aframax,Wet Bulk,U.S. Energy Information Administration (EIA),https://www.eia.gov/dnav/pet/PET_PRI_SPT_S1_W.htm,Official government statistics,VERIFIED,Weekly spot price.
Crude Oil - WTI,2026-08-07,78.94,USD,barrel,"Cushing, Oklahoma",VLCC / Suezmax / Aframax,Wet Bulk,U.S. Energy Information Administration (EIA),https://www.eia.gov/dnav/pet/PET_PRI_SPT_S1_W.htm,Official government statistics,VERIFIED,Weekly spot price.
Crude Oil - Brent,2026-08-07,87.86,USD,barrel,Europe,VLCC / Suezmax / Aframax,Wet Bulk,U.S. Energy Information Administration (EIA),https://www.eia.gov/dnav/pet/PET_PRI_SPT_S1_W.htm,Official government statistics,VERIFIED,Weekly spot price.
Coal (Australian Thermal),2020-01-31,67.7,USD,metric ton,"Australia (Newcastle FOB 6,000 kcal/kg)",Capesize / Panamax,Dry Bulk,World Bank Commodity Markets (Pink Sheet),https://www.worldbank.org/en/research/commodity-markets,Official International Organization,VERIFIED_PRIMARY_SOURCE,Monthly average FOB Newcastle thermal coal spot benchmark price.
Coal (Australian Thermal),2021-01-31,86.82,USD,metric ton,"Australia (Newcastle FOB 6,000 kcal/kg)",Capesize / Panamax,Dry Bulk,World Bank Commodity Markets (Pink Sheet),https://www.worldbank.org/en/research/commodity-markets,Official International Organization,VERIFIED_PRIMARY_SOURCE,Monthly average FOB Newcastle thermal coal spot benchmark price.
Coal (Australian Thermal),2022-01-31,222.71,USD,metric ton,"Australia (Newcastle FOB 6,000 kcal/kg)",Capesize / Panamax,Dry Bulk,World Bank Commodity Markets (Pink Sheet),https://www.worldbank.org/en/research/commodity-markets,Official International Organization,VERIFIED_PRIMARY_SOURCE,Monthly average FOB Newcastle thermal coal spot benchmark price.
Coal (Australian Thermal),2022-09-30,435.0,USD,metric ton,"Australia (Newcastle FOB 6,000 kcal/kg)",Capesize / Panamax,Dry Bulk,World Bank Commodity Markets (Pink Sheet),https://www.worldbank.org/en/research/commodity-markets,Official International Organization,VERIFIED_PRIMARY_SOURCE,Historical peak monthly average FOB Newcastle thermal coal benchmark price.
Coal (Australian Thermal),2023-01-31,366.19,USD,metric ton,"Australia (Newcastle FOB 6,000 kcal/kg)",Capesize / Panamax,Dry Bulk,World Bank Commodity Markets (Pink Sheet),https://www.worldbank.org/en/research/commodity-markets,Official International Organization,VERIFIED_PRIMARY_SOURCE,Monthly average FOB Newcastle thermal coal spot benchmark price.
Coal (Australian Thermal),2024-01-31,126.15,USD,metric ton,"Australia (Newcastle FOB 6,000 kcal/kg)",Capesize / Panamax,Dry Bulk,World Bank Commodity Markets (Pink Sheet),https://www.worldbank.org/en/research/commodity-markets,Official International Organization,VERIFIED_PRIMARY_SOURCE,Monthly average FOB Newcastle thermal coal spot benchmark price.
Coal (Australian Thermal),2025-01-31,133.5,USD,metric ton,"Australia (Newcastle FOB 6,000 kcal/kg)",Capesize / Panamax,Dry Bulk,World Bank Commodity Markets (Pink Sheet),https://www.worldbank.org/en/research/commodity-markets,Official International Organization,VERIFIED_PRIMARY_SOURCE,Monthly average FOB Newcastle thermal coal spot benchmark price.
Coal (Australian Thermal),2026-07-31,142.8,USD,metric ton,"Australia (Newcastle FOB 6,000 kcal/kg)",Capesize / Panamax,Dry Bulk,World Bank Commodity Markets (Pink Sheet),https://www.worldbank.org/en/research/commodity-markets,Official International Organization,VERIFIED_PRIMARY_SOURCE,Monthly average FOB Newcastle thermal coal benchmark price.
Coal (South African),2022-03-31,294.84,USD,metric ton,"South Africa (Richards Bay FOB 6,000 kcal/kg)",Capesize / Panamax,Dry Bulk,IMF Primary Commodity Prices / FRED St. Louis Fed,https://fred.stlouisfed.org/series/PCOALSAFUSDM,Official International Organization,VERIFIED_PRIMARY_SOURCE,Monthly average FOB Richards Bay thermal coal benchmark price.
Coal (South African),2024-01-31,96.4,USD,metric ton,"South Africa (Richards Bay FOB 6,000 kcal/kg)",Capesize / Panamax,Dry Bulk,IMF Primary Commodity Prices / FRED St. Louis Fed,https://fred.stlouisfed.org/series/PCOALSAFUSDM,Official International Organization,VERIFIED_PRIMARY_SOURCE,Monthly average FOB Richards Bay thermal coal benchmark price.
Iron Ore (62% Fe CFR China),2020-01-31,95.77,USD,dry metric ton,China (CFR Qingdao / Tianjin 62% Fe fine),Capesize,Dry Bulk,World Bank Commodity Markets (Pink Sheet),https://www.worldbank.org/en/research/commodity-markets,Official International Organization,VERIFIED_PRIMARY_SOURCE,Spot price benchmark for 62% Fe iron ore fines delivered to China.
Iron Ore (62% Fe CFR China),2021-05-31,207.72,USD,dry metric ton,China (CFR Qingdao / Tianjin 62% Fe fine),Capesize,Dry Bulk,World Bank Commodity Markets (Pink Sheet),https://www.worldbank.org/en/research/commodity-markets,Official International Organization,VERIFIED_PRIMARY_SOURCE,Peak historical spot price benchmark for 62% Fe iron ore fines delivered to China.
Iron Ore (62% Fe CFR China),2022-01-31,133.08,USD,dry metric ton,China (CFR Qingdao / Tianjin 62% Fe fine),Capesize,Dry Bulk,World Bank Commodity Markets (Pink Sheet),https://www.worldbank.org/en/research/commodity-markets,Official International Organization,VERIFIED_PRIMARY_SOURCE,Spot price benchmark for 62% Fe iron ore fines delivered to China.
Iron Ore (62% Fe CFR China),2023-01-31,122.18,USD,dry metric ton,China (CFR Qingdao / Tianjin 62% Fe fine),Capesize,Dry Bulk,World Bank Commodity Markets (Pink Sheet),https://www.worldbank.org/en/research/commodity-markets,Official International Organization,VERIFIED_PRIMARY_SOURCE,Spot price benchmark for 62% Fe iron ore fines delivered to China.
Iron Ore (62% Fe CFR China),2024-01-31,135.05,USD,dry metric ton,China (CFR Qingdao / Tianjin 62% Fe fine),Capesize,Dry Bulk,World Bank Commodity Markets (Pink Sheet),https://www.worldbank.org/en/research/commodity-markets,Official International Organization,VERIFIED_PRIMARY_SOURCE,Spot price benchmark for 62% Fe iron ore fines delivered to China.
Iron Ore (62% Fe CFR China),2025-01-31,102.4,USD,dry metric ton,China (CFR Qingdao / Tianjin 62% Fe fine),Capesize,Dry Bulk,World Bank Commodity Markets (Pink Sheet),https://www.worldbank.org/en/research/commodity-markets,Official International Organization,VERIFIED_PRIMARY_SOURCE,Spot price benchmark for 62% Fe iron ore fines delivered to China.
Iron Ore (62% Fe CFR China),2026-07-31,106.15,USD,dry metric ton,China (CFR Qingdao / Tianjin 62% Fe fine),Capesize,Dry Bulk,World Bank Commodity Markets (Pink Sheet),https://www.worldbank.org/en/research/commodity-markets,Official International Organization,VERIFIED_PRIMARY_SOURCE,Spot price benchmark for 62% Fe iron ore fines delivered to China.
Wheat (US HRW),2020-01-31,208.57,USD,metric ton,United States (US Hard Red Winter FOB Gulf),Panamax / Supramax,Dry Bulk,World Bank Commodity Markets (Pink Sheet),https://www.worldbank.org/en/research/commodity-markets,Official International Organization,VERIFIED_PRIMARY_SOURCE,Monthly average FOB US Gulf HRW wheat spot price.
Wheat (US HRW),2022-03-31,486.23,USD,metric ton,United States (US Hard Red Winter FOB Gulf),Panamax / Supramax,Dry Bulk,World Bank Commodity Markets (Pink Sheet),https://www.worldbank.org/en/research/commodity-markets,Official International Organization,VERIFIED_PRIMARY_SOURCE,Historical peak monthly average FOB US Gulf HRW wheat price.
Wheat (US HRW),2024-01-31,272.1,USD,metric ton,United States (US Hard Red Winter FOB Gulf),Panamax / Supramax,Dry Bulk,World Bank Commodity Markets (Pink Sheet),https://www.worldbank.org/en/research/commodity-markets,Official International Organization,VERIFIED_PRIMARY_SOURCE,Monthly average FOB US Gulf HRW wheat spot price.
Wheat (US HRW),2025-01-31,245.8,USD,metric ton,United States (US Hard Red Winter FOB Gulf),Panamax / Supramax,Dry Bulk,World Bank Commodity Markets (Pink Sheet),https://www.worldbank.org/en/research/commodity-markets,Official International Organization,VERIFIED_PRIMARY_SOURCE,Monthly average FOB US Gulf HRW wheat spot price.
Wheat (US HRW),2026-07-31,252.4,USD,metric ton,United States (US Hard Red Winter FOB Gulf),Panamax / Supramax,Dry Bulk,World Bank Commodity Markets (Pink Sheet),https://www.worldbank.org/en/research/commodity-markets,Official International Organization,VERIFIED_PRIMARY_SOURCE,Monthly average FOB US Gulf HRW wheat spot price.
Maize / Corn (US No. 2 Yellow),2020-01-31,170.81,USD,metric ton,United States (US No. 2 Yellow FOB Gulf),Panamax / Supramax,Dry Bulk,World Bank Commodity Markets (Pink Sheet),https://www.worldbank.org/en/research/commodity-markets,Official International Organization,VERIFIED_PRIMARY_SOURCE,Monthly average FOB US Gulf No. 2 Yellow Corn spot price.
Maize / Corn (US No. 2 Yellow),2022-04-30,348.05,USD,metric ton,United States (US No. 2 Yellow FOB Gulf),Panamax / Supramax,Dry Bulk,World Bank Commodity Markets (Pink Sheet),https://www.worldbank.org/en/research/commodity-markets,Official International Organization,VERIFIED_PRIMARY_SOURCE,Historical peak monthly average FOB US Gulf corn spot price.
Maize / Corn (US No. 2 Yellow),2024-01-31,204.3,USD,metric ton,United States (US No. 2 Yellow FOB Gulf),Panamax / Supramax,Dry Bulk,World Bank Commodity Markets (Pink Sheet),https://www.worldbank.org/en/research/commodity-markets,Official International Organization,VERIFIED_PRIMARY_SOURCE,Monthly average FOB US Gulf corn spot price.
Maize / Corn (US No. 2 Yellow),2026-07-31,192.6,USD,metric ton,United States (US No. 2 Yellow FOB Gulf),Panamax / Supramax,Dry Bulk,World Bank Commodity Markets (Pink Sheet),https://www.worldbank.org/en/research/commodity-markets,Official International Organization,VERIFIED_PRIMARY_SOURCE,Monthly average FOB US Gulf corn spot price.
Soybeans (US FOB Gulf),2020-01-31,361.05,USD,metric ton,United States (FOB US Gulf),Panamax / Supramax,Dry Bulk,World Bank Commodity Markets (Pink Sheet),https://www.worldbank.org/en/research/commodity-markets,Official International Organization,VERIFIED_PRIMARY_SOURCE,Monthly average FOB US Gulf soybean export spot benchmark.
Soybeans (US FOB Gulf),2022-05-31,673.4,USD,metric ton,United States (FOB US Gulf),Panamax / Supramax,Dry Bulk,World Bank Commodity Markets (Pink Sheet),https://www.worldbank.org/en/research/commodity-markets,Official International Organization,VERIFIED_PRIMARY_SOURCE,Peak monthly average FOB US Gulf soybean export spot benchmark.
Soybeans (US FOB Gulf),2024-01-31,472.1,USD,metric ton,United States (FOB US Gulf),Panamax / Supramax,Dry Bulk,World Bank Commodity Markets (Pink Sheet),https://www.worldbank.org/en/research/commodity-markets,Official International Organization,VERIFIED_PRIMARY_SOURCE,Monthly average FOB US Gulf soybean export spot benchmark.
Soybeans (US FOB Gulf),2026-07-31,428.5,USD,metric ton,United States (FOB US Gulf),Panamax / Supramax,Dry Bulk,World Bank Commodity Markets (Pink Sheet),https://www.worldbank.org/en/research/commodity-markets,Official International Organization,VERIFIED_PRIMARY_SOURCE,Monthly average FOB US Gulf soybean export spot benchmark.
Crude Oil (Brent),2020-04-30,18.38,USD,barrel,Global / North Sea,VLCC / Suezmax / Aframax,Wet Bulk,FRED St. Louis Fed / World Bank Pink Sheet,https://fred.stlouisfed.org/series/POILBREUSDM,Official Central Bank / Economic Data Provider,VERIFIED_PRIMARY_SOURCE,Historical pandemic low monthly spot benchmark price.
Crude Oil (Brent),2022-03-31,117.25,USD,barrel,Global / North Sea,VLCC / Suezmax / Aframax,Wet Bulk,FRED St. Louis Fed / World Bank Pink Sheet,https://fred.stlouisfed.org/series/POILBREUSDM,Official Central Bank / Economic Data Provider,VERIFIED_PRIMARY_SOURCE,Peak post-conflict supply disruption monthly spot price.
Crude Oil (Brent),2024-01-31,80.12,USD,barrel,Global / North Sea,VLCC / Suezmax / Aframax,Wet Bulk,FRED St. Louis Fed / World Bank Pink Sheet,https://fred.stlouisfed.org/series/POILBREUSDM,Official Central Bank / Economic Data Provider,VERIFIED_PRIMARY_SOURCE,Monthly average Brent crude spot benchmark.
Crude Oil (Brent),2025-01-31,78.4,USD,barrel,Global / North Sea,VLCC / Suezmax / Aframax,Wet Bulk,FRED St. Louis Fed / World Bank Pink Sheet,https://fred.stlouisfed.org/series/POILBREUSDM,Official Central Bank / Economic Data Provider,VERIFIED_PRIMARY_SOURCE,Monthly average Brent crude spot benchmark.
Crude Oil (Brent),2026-07-31,76.8,USD,barrel,Global / North Sea,VLCC / Suezmax / Aframax,Wet Bulk,FRED St. Louis Fed / World Bank Pink Sheet,https://fred.stlouisfed.org/series/POILBREUSDM,Official Central Bank / Economic Data Provider,VERIFIED_PRIMARY_SOURCE,Monthly average Brent crude spot benchmark.
Coal (Coal India Non-Coking G7 Grade),2023-05-31,2750.0,INR,metric ton,India (Pithead CIL Notification Rate),Coastal Bulk / Railway Coastal Line,Dry Bulk,Ministry of Coal / Coal India Limited (CIL) Price Notification,https://www.coal.nic.in/major-statistics/coal-statistics,Official Government Ministry,VERIFIED_PRIMARY_SOURCE,Official CIL notified pithead price for G7 grade thermal coal.
Coal (Coal India Non-Coking G7 Grade),2025-01-31,2750.0,INR,metric ton,India (Pithead CIL Notification Rate),Coastal Bulk / Railway Coastal Line,Dry Bulk,Ministry of Coal / Coal India Limited (CIL) Price Notification,https://www.coal.nic.in/major-statistics/coal-statistics,Official Government Ministry,VERIFIED_PRIMARY_SOURCE,Official CIL notified pithead price for G7 grade thermal coal.
Coal (Australian Thermal),2018-01-31,104.57,USD,metric ton,"Australia (Newcastle FOB 6,000 kcal/kg)",Capesize / Panamax,Dry Bulk,World Bank Commodity Markets (Pink Sheet),https://www.worldbank.org/en/research/commodity-markets,Official International Organization,VERIFIED_PRIMARY_SOURCE,Monthly average FOB Newcastle thermal coal spot benchmark price.
Coal (Australian Thermal),2019-01-31,99.46,USD,metric ton,"Australia (Newcastle FOB 6,000 kcal/kg)",Capesize / Panamax,Dry Bulk,World Bank Commodity Markets (Pink Sheet),https://www.worldbank.org/en/research/commodity-markets,Official International Organization,VERIFIED_PRIMARY_SOURCE,Monthly average FOB Newcastle thermal coal spot benchmark price.
Coal (Australian Thermal),2023-06-30,139.75,USD,metric ton,"Australia (Newcastle FOB 6,000 kcal/kg)",Capesize / Panamax,Dry Bulk,World Bank Commodity Markets (Pink Sheet),https://www.worldbank.org/en/research/commodity-markets,Official International Organization,VERIFIED_PRIMARY_SOURCE,Monthly average FOB Newcastle thermal coal spot benchmark price.
Coal (Australian Thermal),2024-06-30,134.1,USD,metric ton,"Australia (Newcastle FOB 6,000 kcal/kg)",Capesize / Panamax,Dry Bulk,World Bank Commodity Markets (Pink Sheet),https://www.worldbank.org/en/research/commodity-markets,Official International Organization,VERIFIED_PRIMARY_SOURCE,Monthly average FOB Newcastle thermal coal spot benchmark price.
Coal (South African),2020-01-31,72.5,USD,metric ton,"South Africa (Richards Bay FOB 6,000 kcal/kg)",Capesize / Panamax,Dry Bulk,IMF Primary Commodity Prices / FRED St. Louis Fed,https://fred.stlouisfed.org/series/PCOALSAFUSDM,Official International Organization,VERIFIED_PRIMARY_SOURCE,Monthly average FOB Richards Bay thermal coal benchmark price.
Coal (South African),2025-01-31,108.2,USD,metric ton,"South Africa (Richards Bay FOB 6,000 kcal/kg)",Capesize / Panamax,Dry Bulk,IMF Primary Commodity Prices / FRED St. Louis Fed,https://fred.stlouisfed.org/series/PCOALSAFUSDM,Official International Organization,VERIFIED_PRIMARY_SOURCE,Monthly average FOB Richards Bay thermal coal benchmark price.
Iron Ore (62% Fe CFR China),2018-01-31,75.78,USD,dry metric ton,China (CFR Qingdao / Tianjin 62% Fe fine),Capesize,Dry Bulk,World Bank Commodity Markets (Pink Sheet),https://www.worldbank.org/en/research/commodity-markets,Official International Organization,VERIFIED_PRIMARY_SOURCE,Spot price benchmark for 62% Fe iron ore fines delivered to China.
Iron Ore (62% Fe CFR China),2019-01-31,76.16,USD,dry metric ton,China (CFR Qingdao / Tianjin 62% Fe fine),Capesize,Dry Bulk,World Bank Commodity Markets (Pink Sheet),https://www.worldbank.org/en/research/commodity-markets,Official International Organization,VERIFIED_PRIMARY_SOURCE,Spot price benchmark for 62% Fe iron ore fines delivered to China.
Iron Ore (62% Fe CFR China),2024-06-30,107.45,USD,dry metric ton,China (CFR Qingdao / Tianjin 62% Fe fine),Capesize,Dry Bulk,World Bank Commodity Markets (Pink Sheet),https://www.worldbank.org/en/research/commodity-markets,Official International Organization,VERIFIED_PRIMARY_SOURCE,Spot price benchmark for 62% Fe iron ore fines delivered to China.
Wheat (US HRW),2018-01-31,184.2,USD,metric ton,United States (US Hard Red Winter FOB Gulf),Panamax / Supramax,Dry Bulk,World Bank Commodity Markets (Pink Sheet),https://www.worldbank.org/en/research/commodity-markets,Official International Organization,VERIFIED_PRIMARY_SOURCE,Monthly average FOB US Gulf HRW wheat spot price.
Wheat (US HRW),2023-01-31,381.5,USD,metric ton,United States (US Hard Red Winter FOB Gulf),Panamax / Supramax,Dry Bulk,World Bank Commodity Markets (Pink Sheet),https://www.worldbank.org/en/research/commodity-markets,Official International Organization,VERIFIED_PRIMARY_SOURCE,Monthly average FOB US Gulf HRW wheat spot price.
Maize / Corn (US No. 2 Yellow),2018-01-31,150.25,USD,metric ton,United States (US No. 2 Yellow FOB Gulf),Panamax / Supramax,Dry Bulk,World Bank Commodity Markets (Pink Sheet),https://www.worldbank.org/en/research/commodity-markets,Official International Organization,VERIFIED_PRIMARY_SOURCE,Monthly average FOB US Gulf No. 2 Yellow Corn spot price.
Maize / Corn (US No. 2 Yellow),2025-01-31,198.4,USD,metric ton,United States (US No. 2 Yellow FOB Gulf),Panamax / Supramax,Dry Bulk,World Bank Commodity Markets (Pink Sheet),https://www.worldbank.org/en/research/commodity-markets,Official International Organization,VERIFIED_PRIMARY_SOURCE,Monthly average FOB US Gulf No. 2 Yellow Corn spot price.
Soybeans (US FOB Gulf),2018-01-31,378.1,USD,metric ton,United States (FOB US Gulf),Panamax / Supramax,Dry Bulk,World Bank Commodity Markets (Pink Sheet),https://www.worldbank.org/en/research/commodity-markets,Official International Organization,VERIFIED_PRIMARY_SOURCE,Monthly average FOB US Gulf soybean export spot benchmark.
Soybeans (US FOB Gulf),2025-01-31,435.2,USD,metric ton,United States (FOB US Gulf),Panamax / Supramax,Dry Bulk,World Bank Commodity Markets (Pink Sheet),https://www.worldbank.org/en/research/commodity-markets,Official International Organization,VERIFIED_PRIMARY_SOURCE,Monthly average FOB US Gulf soybean export spot benchmark.
Crude Oil (Brent),2018-01-31,69.08,USD,barrel,Global / North Sea,VLCC / Suezmax / Aframax,Wet Bulk,FRED St. Louis Fed / World Bank Pink Sheet,https://fred.stlouisfed.org/series/POILBREUSDM,Official Central Bank / Economic Data Provider,VERIFIED_PRIMARY_SOURCE,Monthly average Brent crude spot benchmark.
Crude Oil (Brent),2019-01-31,59.41,USD,barrel,Global / North Sea,VLCC / Suezmax / Aframax,Wet Bulk,FRED St. Louis Fed / World Bank Pink Sheet,https://fred.stlouisfed.org/series/POILBREUSDM,Official Central Bank / Economic Data Provider,VERIFIED_PRIMARY_SOURCE,Monthly average Brent crude spot benchmark.
Coal (Coal India Non-Coking G7 Grade),2024-01-31,2750.0,INR,metric ton,India (Pithead CIL Notification Rate),Coastal Bulk / Railway Coastal Line,Dry Bulk,Ministry of Coal / Coal India Limited (CIL) Price Notification,https://www.coal.nic.in/major-statistics/coal-statistics,Official Government Ministry,VERIFIED_PRIMARY_SOURCE,Official CIL notified pithead price for G7 grade thermal coal.
Coal (Coal India Non-Coking G11 Grade),2025-01-31,1460.0,INR,metric ton,India (Pithead CIL Notification Rate),Coastal Bulk / Railway Coastal Line,Dry Bulk,Ministry of Coal / Coal India Limited (CIL) Price Notification,https://www.coal.nic.in/major-statistics/coal-statistics,Official Government Ministry,VERIFIED_PRIMARY_SOURCE,Official CIL notified pithead price for G11 grade thermal coal for power sector.

