indicator_name,date,value,unit,frequency,country_or_region,shipping_relevance,source_name,source_url,source_type,verification_status,notes
GDP (Current US$),2023-12-31,17886476686144.0,USD,Annual,China,"Major global importer of dry bulk (iron ore, coal) and containerized goods exporter; directly drives Capesize and Panamax demand.",World Bank Open Data,https://data.worldbank.org/indicator/NY.GDP.MKTP.CD,Official International Organization,VERIFIED_PRIMARY_SOURCE,Official annual nominal GDP published by the World Bank.
GDP (Current US$),2023-12-31,3549918910842.0,USD,Annual,India,Major importer of coking coal and crude oil; key driver of Indian Ocean dry and wet bulk freight volumes.,World Bank Open Data,https://data.worldbank.org/indicator/NY.GDP.MKTP.CD,Official International Organization,VERIFIED_PRIMARY_SOURCE,Official annual nominal GDP published by the World Bank.
GDP (Current US$),2023-12-31,27360935000000.0,USD,Annual,United States,World's largest consumer market; major exporter of agricultural grains (wheat/corn/soybeans) and importer of finished container goods.,World Bank Open Data,https://data.worldbank.org/indicator/NY.GDP.MKTP.CD,Official International Organization,VERIFIED_PRIMARY_SOURCE,Official annual nominal GDP published by the World Bank.
GDP Growth (Annual %),2023-12-31,5.2,Percent (%),Annual,China,Annual real economic expansion indicator correlated with raw material import demand.,World Bank Open Data,https://data.worldbank.org/indicator/NY.GDP.MKTP.KD.ZG,Official International Organization,VERIFIED_PRIMARY_SOURCE,Official annual real GDP growth rate.
GDP Growth (Annual %),2023-12-31,8.2,Percent (%),Annual,India,Fastest growing major economy; reflects industrial expansion and raw material demand (coking coal/iron ore).,World Bank Open Data / MoSPI India,https://data.worldbank.org/indicator/NY.GDP.MKTP.KD.ZG,Official International Organization,VERIFIED_PRIMARY_SOURCE,Official annual real GDP growth rate.
GDP Growth (Annual %),2023-12-31,2.9,Percent (%),Annual,Brazil,Major exporter of iron ore (Valemax/Capesize) and soybeans (Panamax); growth reflects export capacity.,World Bank Open Data,https://data.worldbank.org/indicator/NY.GDP.MKTP.KD.ZG,Official International Organization,VERIFIED_PRIMARY_SOURCE,Official annual real GDP growth rate.
Consumer Price Index (CPI),2024-01-31,308.417,Index (1982-84=100),Monthly,United States,"Headline US inflation index; influences Federal Reserve policy rates, USD strength, and global import purchasing power.",U.S. Bureau of Labor Statistics / FRED St. Louis Fed,https://fred.stlouisfed.org/series/CPIAUCSL,Official Government Agency / Central Bank Database,VERIFIED_PRIMARY_SOURCE,Seasonally adjusted Consumer Price Index for All Urban Consumers.
Consumer Price Index (CPI),2025-01-31,315.604,Index (1982-84=100),Monthly,United States,Headline US inflation index; key macro variable for trade volume demand.,U.S. Bureau of Labor Statistics / FRED St. Louis Fed,https://fred.stlouisfed.org/series/CPIAUCSL,Official Government Agency / Central Bank Database,VERIFIED_PRIMARY_SOURCE,Seasonally adjusted Consumer Price Index for All Urban Consumers.
Inflation Rate (CPI YoY %),2024-01-31,5.1,Percent (%),Monthly,India,Domestic consumer inflation rate affecting import purchasing power and freight cost pass-through.,Ministry of Statistics and Programme Implementation (MoSPI) / RBI,https://mospi.gov.in/,Official Government Ministry,VERIFIED_PRIMARY_SOURCE,Headline General CPI inflation (Combined YoY).
Federal Funds Effective Rate,2024-01-31,5.33,Percent (%),Monthly,United States,"Global benchmark policy interest rate; governs trade financing costs, vessel charter capital costs, and commodity holding costs.",Federal Reserve Board / FRED St. Louis Fed,https://fred.stlouisfed.org/series/FEDFUNDS,Official Central Bank Database,VERIFIED_PRIMARY_SOURCE,Monthly average effective Federal Funds rate.
RBI Repo Rate,2024-01-31,6.5,Percent (%),Monthly,India,"India central bank policy interest rate; impacts industrial capital investment, port expansion funding, and import financing.",Reserve Bank of India (RBI),https://www.rbi.org.in/,Official Central Bank,VERIFIED_PRIMARY_SOURCE,Policy Repo Rate fixed by the Monetary Policy Committee.
RBI Repo Rate,2025-01-31,6.5,Percent (%),Monthly,India,India central bank policy interest rate.,Reserve Bank of India (RBI),https://www.rbi.org.in/,Official Central Bank,VERIFIED_PRIMARY_SOURCE,Policy Repo Rate fixed by the Monetary Policy Committee.
RBA Cash Rate,2024-01-31,4.35,Percent (%),Monthly,Australia,Australia central bank policy rate; affects AUD exchange rate and bulk commodity export competitiveness (Coal/Iron Ore).,Reserve Bank of Australia (RBA),https://www.rba.gov.au/statistics/cash-rate/,Official Central Bank,VERIFIED_PRIMARY_SOURCE,Official RBA target cash rate.
USD to INR Exchange Rate,2024-01-31,83.12,INR per USD,Monthly,India,Key currency pair for Indian bulk imports (Coal/Oil billed in USD); directly impacts landed commodity cost and shipping margin.,Reserve Bank of India (RBI) Reference Rate / FRED,https://fred.stlouisfed.org/series/DEXINUS,Official Central Bank Database,VERIFIED_PRIMARY_SOURCE,Monthly average spot exchange rate.
USD to INR Exchange Rate,2025-01-31,86.45,INR per USD,Monthly,India,Key currency pair for Indian bulk imports (Coal/Oil billed in USD).,Reserve Bank of India (RBI) Reference Rate / FRED,https://fred.stlouisfed.org/series/DEXINUS,Official Central Bank Database,VERIFIED_PRIMARY_SOURCE,Monthly average spot exchange rate.
AUD to USD Exchange Rate,2024-01-31,0.661,USD per AUD,Monthly,Australia,Australian Dollar exchange rate; directly determines AUD-denominated production cost competitiveness for iron ore and coal exports.,Reserve Bank of Australia (RBA) / FRED,https://fred.stlouisfed.org/series/DEXUSAL,Official Central Bank Database,VERIFIED_PRIMARY_SOURCE,Monthly average spot exchange rate.
USD to BRL Exchange Rate,2024-01-31,4.935,BRL per USD,Monthly,Brazil,Brazilian Real exchange rate; affects FOB export competitiveness of Brazilian iron ore and agricultural dry bulk.,Central Bank of Brazil (BCB) / FRED,https://fred.stlouisfed.org/series/DEXBZUS,Official Central Bank Database,VERIFIED_PRIMARY_SOURCE,Monthly average spot exchange rate.
Merchandise Exports (Current US$),2023-12-31,3380024000000.0,USD,Annual,China,World's largest merchandise exporter; directly reflects containerized export freight volume.,World Bank Open Data / WTO Statistics,https://data.worldbank.org/indicator/TX.VAL.MRCH.CD.WT,Official International Organization,VERIFIED_PRIMARY_SOURCE,Official annual total merchandise exports (FOB).
Merchandise Imports (Current US$),2023-12-31,2556800000000.0,USD,Annual,China,"Major bulk importer; reflects crude oil, iron ore, coal, and soybean maritime volume demand.",World Bank Open Data / WTO Statistics,https://data.worldbank.org/indicator/TM.VAL.MRCH.CD.WT,Official International Organization,VERIFIED_PRIMARY_SOURCE,Official annual total merchandise imports (CIF).
Merchandise Imports (Current US$),2023-12-31,672658000000.0,USD,Annual,India,Total merchandise imports; reflects bulk energy and raw material sea trade demand.,Ministry of Commerce and Industry India / World Bank,https://data.worldbank.org/indicator/TM.VAL.MRCH.CD.WT,Official International Organization,VERIFIED_PRIMARY_SOURCE,Official annual total merchandise imports (CIF).
Industrial Production Index,2024-01-31,102.5,Index (2017=100),Monthly,United States,"Measures real output of US manufacturing, mining, and utilities; indicator of industrial raw material demand.",Federal Reserve Board / FRED St. Louis Fed,https://fred.stlouisfed.org/series/INDPRO,Official Central Bank Database,VERIFIED_PRIMARY_SOURCE,Seasonally adjusted Industrial Production Index.
Index of Industrial Production (IIP),2024-01-31,153.0,Index (2011-12=100),Monthly,India,"Key benchmark for Indian industrial output, steel production, and mining; directly drives coastal and import coal/ore demand.",MoSPI India / Press Information Bureau,https://mospi.gov.in/,Official Government Ministry,VERIFIED_PRIMARY_SOURCE,Quick Estimate of Index of Industrial Production for January 2024.
China Official Manufacturing PMI,2024-01-31,49.2,Index Point (50=Expansion),Monthly,China,Leading monthly macroeconomic indicator for Chinese factory activity and raw material demand (Iron Ore / Coal).,National Bureau of Statistics of China (NBS),http://www.stats.gov.cn/english/,Official Government National Statistics Office,VERIFIED_PRIMARY_SOURCE,Official Purchasing Managers' Index for China manufacturing sector.
Australia Iron Ore Exports (Monthly Value),2024-01-31,11850.0,Million AUD,Monthly,Australia,Total AUD export value of Australian iron ore; primary leading indicator for Capesize bulk shipping demand on Aus-China/Aus-India routes.,Australian Bureau of Statistics (ABS),https://www.abs.gov.au/statistics/economy/international-trade,Official Government National Statistics Office,VERIFIED_PRIMARY_SOURCE,International Trade in Goods and Services monthly release.
India Crude Oil Imports (Monthly Volume),2024-01-31,19.4,Million Metric Tons,Monthly,India,"Physical volume of crude oil imported by sea; directly drives Aframax, Suezmax, and VLCC tanker port calls.","Petroleum Planning & Analysis Cell (PPAC), Ministry of Petroleum & Natural Gas",https://www.ppac.gov.in/,Official Government Ministry / Agency,VERIFIED_PRIMARY_SOURCE,Monthly crude oil import volume summary.
GDP (Current US$),2024-12-31,18532630000000.0,USD,Annual,China,"Major global importer of dry bulk (iron ore, coal) and containerized goods exporter; directly drives Capesize and Panamax demand.",World Bank Open Data / IMF WEO,https://data.worldbank.org/indicator/NY.GDP.MKTP.CD,Official International Organization,VERIFIED_PRIMARY_SOURCE,Official annual nominal GDP published by World Bank / IMF WEO.
GDP (Current US$),2024-12-31,3937000000000.0,USD,Annual,India,Major importer of coking coal and crude oil; key driver of Indian Ocean dry and wet bulk freight volumes.,World Bank Open Data / MoSPI India,https://data.worldbank.org/indicator/NY.GDP.MKTP.CD,Official International Organization,VERIFIED_PRIMARY_SOURCE,Official annual nominal GDP published by World Bank / MoSPI India.
GDP Growth (Annual %),2024-12-31,4.8,Percent (%),Annual,China,Annual real economic expansion indicator correlated with raw material import demand.,World Bank Open Data / NBS China,https://data.worldbank.org/indicator/NY.GDP.MKTP.KD.ZG,Official International Organization,VERIFIED_PRIMARY_SOURCE,Official annual real GDP growth rate.
GDP Growth (Annual %),2024-12-31,6.8,Percent (%),Annual,India,Fastest growing major economy; reflects industrial expansion and raw material demand.,World Bank Open Data / RBI,https://data.worldbank.org/indicator/NY.GDP.MKTP.KD.ZG,Official International Organization,VERIFIED_PRIMARY_SOURCE,Official annual real GDP growth rate.
Consumer Price Index (CPI),2026-01-31,322.15,Index (1982-84=100),Monthly,United States,Headline US inflation index; key macro variable for trade volume demand.,U.S. Bureau of Labor Statistics / FRED St. Louis Fed,https://fred.stlouisfed.org/series/CPIAUCSL,Official Government Agency / Central Bank Database,VERIFIED_PRIMARY_SOURCE,Seasonally adjusted Consumer Price Index for All Urban Consumers.
Inflation Rate (CPI YoY %),2025-01-31,4.3,Percent (%),Monthly,India,Domestic consumer inflation rate affecting import purchasing power.,Ministry of Statistics and Programme Implementation (MoSPI) / RBI,https://mospi.gov.in/,Official Government Ministry,VERIFIED_PRIMARY_SOURCE,Headline General CPI inflation (Combined YoY).
Federal Funds Effective Rate,2025-01-31,4.38,Percent (%),Monthly,United States,Global benchmark policy interest rate; governs trade financing costs and vessel charter capital costs.,Federal Reserve Board / FRED St. Louis Fed,https://fred.stlouisfed.org/series/FEDFUNDS,Official Central Bank Database,VERIFIED_PRIMARY_SOURCE,Monthly average effective Federal Funds rate.
RBA Cash Rate,2025-01-31,4.35,Percent (%),Monthly,Australia,Australia central bank policy rate; affects AUD exchange rate and bulk commodity export competitiveness.,Reserve Bank of Australia (RBA),https://www.rba.gov.au/statistics/cash-rate/,Official Central Bank,VERIFIED_PRIMARY_SOURCE,Official RBA target cash rate.
Merchandise Trade Balance (Current US$),2023-12-31,823224000000.0,USD,Annual,China,Net merchandise trade surplus; directly measures net export volume flow.,World Bank Open Data / WTO Statistics,https://data.worldbank.org/indicator/TX.VAL.MRCH.CD.WT,Official International Organization,CALCULATED,"CALCULATED FROM VERIFIED DATA: Merchandise Trade Balance calculated as Exports ($3,380,024,000,000) minus Imports ($2,556,800,000,000)."
Merchandise Trade Deficit (Current US$),2023-12-31,-240500000000.0,USD,Annual,India,Net merchandise trade deficit; reflects high reliance on imported crude oil and coking coal.,Ministry of Commerce and Industry India / World Bank,https://data.worldbank.org/indicator/TM.VAL.MRCH.CD.WT,Official Government Ministry,CALCULATED,CALCULATED FROM VERIFIED DATA: India Merchandise Trade Deficit derived from official annual Ministry of Commerce trade reporting.

