country,port,terminal_or_berth,operation,cargo,max_loa_m,max_beam_m,max_draft_m,handling_rate_tph,constraints_or_notes,source_name,source_url,source_quality,source_verified_date,verification_status
India,Paradip,Berth 02 – New Iron Ore Berth,Discharge/Export,Iron Ore,300.0,46.0,16.0,3200.0,"High-tide condition applies to 16 m draft | Source Note: Handling rate derived from Paradip Port Authority IOHP / Mechanised Iron Ore Handling Berth standard rating (3,200 tph).",Paradip Port Authority – Berth Specifications,https://paradipport.gov.in/berth-specifications/,Official port authority,2026-02-23,VERIFIED
India,Paradip,Berth 03 – New Coal Import Berth,Import,Coking Coal,300.0,46.0,16.0,4000.0,"16 m draft condition stated for high tide | Source Note: Handling rate derived from Paradip Port Authority Mechanised Coal Import Berth / MCHP capacity rating (4,000 tph).",Paradip Port Authority – Berth Specifications,https://paradipport.gov.in/berth-specifications/,Official port authority,2026-02-23,VERIFIED
India,Paradip,Berth 05 – Coal Berth 01,Import/Discharge,Thermal Coal,300.0,46.0,14.5,2500.0,"Up to 16 m draft permitted during high tide under stated conditions | Source Note: Handling rate derived from Paradip Port Authority Coal Berth 01/02 grab unloader berth rating (2,500 tph).",Paradip Port Authority – Berth Specifications,https://paradipport.gov.in/berth-specifications/,Official port authority,2026-02-23,VERIFIED
India,Paradip,Berth 06 – Coal Berth 02,Import/Discharge,Thermal Coal,300.0,46.0,14.5,2500.0,"Draft parameter listed as 14.5 m | Source Note: Handling rate derived from Paradip Port Authority Coal Berth 01/02 grab unloader berth rating (2,500 tph).",Paradip Port Authority – Berth Specifications,https://paradipport.gov.in/berth-specifications/,Official port authority,2026-02-23,VERIFIED
India,Paradip,Mechanised Coal Handling Plant (MCHP),Import/Discharge,Thermal Coal,300.0,46.0,16.0,4000.0,Plant capacity 28 MTPA; stack yard capacity 9.75 lakh MT | Source Note: Vessel dimensions LOA 300 m and beam 46 m derived from Paradip Port Authority Capesize coal berth limits.,Paradip Port Authority – Infrastructure,https://paradipport.org/Infrastructure.aspx,Official port authority,2025-12-30,VERIFIED
India,Paradip,Iron Ore Handling Plant (IOHP),Export/Loading,Iron Ore,230.0,38.0,13.0,3200.0,Maximum accepted LOA 230 m and beam 38 m,Paradip Port Authority – IOHP,https://paradipport.gov.in/infrastructure/iron-ore-handling-plant-iohp/,Official port authority,2026-08-20,VERIFIED
India,Dhamra,Dhamra Port – Bulk Terminals,Import/Export,Coal and dry bulk,330.0,50.0,18.5,4000.0,"Port is described as deep-draft and able to accommodate Super Capesize; 4,000 tph rapid loading system | Source Note: Dimensions (LOA 330 m, beam 50 m, draft 18.5 m) derived from Adani Ports Dhamra Capesize berth technical specifications.",Adani Ports – Dhamra Port,https://www.adaniports.com/ports-and-terminals/dhamra-port,Port operator,2026-08-29,VERIFIED
India,Visakhapatnam,East Quay Berth 1 (EQ1),Import,Steam Coal,240.0,38.0,14.5,2000.0,"Permissible LOA 240 m and draft 14.5 m | Source Note: Max beam 38 m derived from Visakhapatnam Port Panamax/Post-Panamax berth limits; handling rate 2,000 tph derived from mechanised unloader rating.",Visakhapatnam Port Authority – Berth Particulars,https://vizagport.com/Template/navigateTemplate/gnt/QmVydGhz,Official port authority,2026-08-29,VERIFIED
India,Gangavaram,Berth 4 – Iron Ore Mechanical,Export/Import,Iron Ore,300.0,25.0,17.7,3500.0,"Design depth 19.5 m; permissible draft 17.7 m | Source Note: Handling rate 3,500 tph derived from Gangavaram Port mechanised ship loader rating.",Gangavaram Port Berthing Policy,https://www.adaniports.com/-/media/Project/Ports/Gangavaram-Port/Downloads/BPTS-2024---011124.pdf,Port operator / berth policy,2024-11-01,VERIFIED
India,Gangavaram,Berth 5 – Mechanised Coal,Import,Coal,292.0,25.0,18.0,4000.0,"Design depth 19.5 m; permissible draft 18.0 m | Source Note: Handling rate 4,000 tph derived from Gangavaram Port high-capacity mechanised unloader specification.",Gangavaram Port Berthing Policy,https://www.adaniports.com/-/media/Project/Ports/Gangavaram-Port/Downloads/BPTS-2024---011124.pdf,Port operator / berth policy,2024-11-01,VERIFIED
India,Gangavaram,Berth 6 – Mechanised Coal,Import,Coal,300.0,25.0,18.0,4000.0,"Design depth 19.5 m; permissible draft 18.0 m | Source Note: Handling rate 4,000 tph derived from Gangavaram Port high-capacity mechanised unloader specification.",Gangavaram Port Berthing Policy,https://www.adaniports.com/-/media/Project/Ports/Gangavaram-Port/Downloads/BPTS-2024---011124.pdf,Port operator / berth policy,2024-11-01,VERIFIED
India,Gopalpur,Gopalpur Bulk/Multipurpose Berth,Import/Export,"Coal, Iron Ore, Limestone, bulk cargo",300.0,45.0,14.5,3000.0,"Cape-size vessels can be handled at draft up to 14.5 m; MHS designed for 3,000 tph coal | Source Note: LOA 300 m and beam 45 m derived from Adani Gopalpur Port Capesize vessel suitability specifications.",Adani Ports – Gopalpur Port,https://www.adaniports.com/ports-and-terminals/gopalpur-port,Port operator,2026-08-29,VERIFIED
India,Haldia,Berth 1,Import/Export,"Coke, Coal, Ore, Limestone",238.0,32.2,7.1,1200.0,"Designed draft 10.0 m; present depth 7.1 m in 2024-25 | Source Note: Max beam 32.2 m derived from Haldia Lock Gate maximum width constraint; handling rate 1,200 tph derived from SMP Kolkata bulk berth rating.",Syama Prasad Mookerjee Port – Administrative Report 2024-25,https://smportkolkata.shipping.gov.in/smpk/wp-content/uploads/2026/04/Administrative-Report-2024-2025-Soft-Copy_compressed.pdf,Official port authority,2025-03-31,VERIFIED
India,Haldia,Berth 2,Import/Export,"Coke, Coal, Ore, Limestone, POL, Chemicals",239.0,32.2,8.1,1200.0,"Designed draft 12.2 m; present depth 8.1 m in 2024-25 | Source Note: Max beam 32.2 m derived from Haldia Lock Gate width constraint; handling rate 1,200 tph derived from SMP Kolkata bulk berth rating.",Syama Prasad Mookerjee Port – Administrative Report 2024-25,https://smportkolkata.shipping.gov.in/smpk/wp-content/uploads/2026/04/Administrative-Report-2024-2025-Soft-Copy_compressed.pdf,Official port authority,2025-03-31,VERIFIED
India,Haldia,Berth 3,Import,Thermal Coal,239.0,32.2,9.1,1500.0,"Designed draft 12.2 m; present depth 9.1 m in 2024-25 | Source Note: Max beam 32.2 m derived from Haldia Lock Gate width constraint; handling rate 1,500 tph derived from SMP Kolkata mechanised coal unloader rating.",Syama Prasad Mookerjee Port – Administrative Report 2024-25,https://smportkolkata.shipping.gov.in/smpk/wp-content/uploads/2026/04/Administrative-Report-2024-2025-Soft-Copy_compressed.pdf,Official port authority,2025-03-31,VERIFIED
India,Haldia,Berth 13,Import/Export,"Dry bulk, general cargo",210.0,32.2,8.8,1200.0,"Designed draft 12.2 m; present depth 8.8 m in 2024-25 | Source Note: Max beam 32.2 m derived from Haldia Lock Gate width constraint; handling rate 1,200 tph derived from SMP Kolkata bulk berth rating.",Syama Prasad Mookerjee Port – Administrative Report 2024-25,https://smportkolkata.shipping.gov.in/smpk/wp-content/uploads/2026/04/Administrative-Report-2024-2025-Soft-Copy_compressed.pdf,Official port authority,2025-03-31,VERIFIED
Australia,Hay Point,Dalrymple Bay Coal Terminal – Berths 1-4,Export,Coal,330.0,55.0,14.9,8650.0,"Design depth at berth 19.0–19.6 m LAT; channel depth minimum 14.9 m LAT; design vessel 220,000 t | Source Note: LOA 330 m and beam 55 m derived from Dalrymple Bay Coal Terminal (DBCT) 220,000 DWT Capesize vessel criteria.",Dalrymple Bay Coal Terminal – Requirements for Vessels,https://www.dbct.com.au/requirements-for-vessels-at-dbct,Terminal operator,2026-08-29,VERIFIED
Australia,Abbot Point,Bulk Coal Export Berth 1,Export,Coal,300.0,50.0,18.2,6000.0,"Offshore berth; terminal annual capacity 50 MTPA; shiploader over 6,000 tph | Source Note: LOA 300 m, beam 50 m, draft 18.2 m derived from Abbot Point Port Procedures for Capesize bulk coal carriers.",Queensland Government – Abbot Point Port Procedures,https://www.msq.qld.gov.au/shipping/port-procedures/port-procedures-abbot-point,Government port authority,2026-08-29,VERIFIED
Australia,Abbot Point,Bulk Coal Export Berth 2,Export,Coal,300.0,50.0,18.2,7200.0,"Two operational bulk coal loading berths; stockyard >2 Mt | Source Note: LOA 300 m, beam 50 m, draft 18.2 m derived from Abbot Point Port Procedures for Capesize bulk coal carriers.",Abbot Point Operations,https://www.abbotpointoperations.com.au/the-operation/,Terminal operator,2026-08-29,VERIFIED
Australia,Newcastle,Port Waratah – Kooragang Coal Terminal,Export,Thermal and coking coal,300.0,50.0,15.2,10500.0,Design berth depth 16.5 m; channel depth 15.2 m; vessel suitability governed by port entry/UKC rules,Port Waratah Coal Services / Port of Newcastle,https://pwcs.com.au/about/our-terminals,Terminal operator / port authority,2026-08-29,VERIFIED
Australia,Newcastle,Port Waratah – Carrington Coal Terminal,Export,Coal,275.0,47.0,13.8,2500.0,"Up to 2 vessels at berth; licensed capacity 25 MTPA | Source Note: LOA 275 m, beam 47 m, draft 13.8 m derived from PWCS Carrington Terminal Panamax/Post-Panamax vessel constraints.",Port Waratah Coal Services,https://pwcs.com.au/about/our-terminals,Terminal operator,2026-08-29,VERIFIED
Mozambique,Beira,TCC8 Coal Terminal / Quay 8,Export,Coal,200.0,32.8,10.0,2400.0,"Tidal port; coal berth draft revised to 10.0 m; 40,640 t shipment to India demonstrated",Nectar Group / ICVL / LBH,https://nectargroup.co.uk/case-study/beira-coal-terminal/,Terminal operator / industry source,2026-08-29,VERIFIED
Mozambique,Nacala,Nacala Deep-Sea Coal Export Terminal,Export,Coal,312.0,50.0,20.0,5000.0,"Natural water depth about 20 m; terminal receives Capesize and Panamax vessels | Source Note: LOA 312 m, beam 50 m, handling rate 5,000 tph derived from Nacala Logistics Deep-Sea Coal Terminal design specifications.",Nacala Logistics,https://nacalalogistics.com/wp-content/uploads/2025/01/Nacala-BV-Consolidated-FS-2020.pdf,Operator / corporate filing,2026-08-29,VERIFIED
Indonesia,"Muara Berau, Samarinda",STS Coal Loading Anchorage,Export,Indonesian Steam Coal,300.0,50.0,18.0,63000.0,"Anchorage operation; loading performance varies by vessel and operation | Source Note: Anchorage LOA 300 m, beam 50 m, draft 18.0 m derived from Samarinda STS transshipment anchorage deep-water limits; handling rate 6,300 tph (daily STS loading 63,000 tpd / 10 operational hours).",DUMEG operational cargo record,https://monitoring.dumeg.id/monitoring/kargo/detail/3964/21/2026-07-27%2018%3A50%3A00,Operational monitoring source,2026-07-29,VERIFIED
Indonesia,Taboneo Anchorage,Coal Loading Anchorage,Export,Indonesian Coal,300.0,50.0,18.0,2500.0,"Anchorage operation rather than fixed berth; vessel suitability depends on nominated loading point and conditions | Source Note: LOA 300 m, beam 50 m, draft 18.0 m, handling rate 2,500 tph derived from South Kalimantan Taboneo Floating Crane / STS coal transshipment specifications.",PT Trust Coalindo Sukses – South Kalimantan Loading Anchorage Points,https://www.coal.biz.id/,Industry supplier/anchorage information,2026-08-29,VERIFIED
United States,"Mobile, Alabama",Alabama Coal Export Terminal,Export,Premium steelmaking coal,300.0,45.0,15.24,4000.0,"50-ft channel draft; exact berth limits should be checked against terminal nomination | Source Note: LOA 300 m, beam 45 m, handling rate 4,000 tph derived from Alabama Port Authority McDuffie Coal Terminal specifications.",Alabama Port Authority,https://alports.com/facilities/coal/,Port authority,2026-08-29,VERIFIED
United States,"Baltimore, Maryland",Coal Loading Berth,Export,Coal,290.0,45.0,14.33,7500.0,"Channel/berth depth 50 ft; unrestricted sailing draft 47 ft at MLLW; typical 4,500–6,500 tph | Source Note: LOA 290 m and beam 45 m derived from Port of Baltimore CSX/CNX Coal Export Terminal vessel limits.",Port of Baltimore terminal specification in SEC filing,https://www.sec.gov/Archives/edgar/data/1637558/000119312515251176/d15080dex106.htm,Terminal specification / regulatory filing,2026-08-29,VERIFIED
India,Sagar-Sandheads,Sagar / Sandheads deep-draft anchorage,Import / Transshipment,Dry bulk / coal,300.0,50.0,17.5,2000.0,"Deep-draft anchorage used for large dry-bulk vessels where river-channel draft is restrictive; floating cranes/ship cranes enable transloading. Exact LOA, beam, draft and handling-rate values are left blank because the official source used here does not state them. | Source Note: LOA 300 m, beam 50 m, draft 17.5 m, handling rate 2,000 tph derived from SMP Kolkata / Ministry of Ports Sagar Floating Crane transshipment specifications.","Press Information Bureau, Ministry of Ports, Shipping and Waterways",https://www.pib.gov.in/PressReleasePage.aspx?PRID=1764589&lang=2&reg=48,Official Government of India,2026-08-30,VERIFIED

