vessel_class,vessel_subclass,representative_vessel_name,imo_number,vessel_type,typical_dwt_min,typical_dwt_max,representative_dwt,gross_tonnage_gt,net_tonnage_nt,length_overall_m,beam_m,depth_m,design_draft_m,maximum_draft_m,air_draft_m,cargo_hold_count,cargo_hold_capacity_m3,cargo_capacity_tonnes,grain_capacity_m3,bale_capacity_m3,service_speed_knots,maximum_speed_knots,main_engine_type,main_engine_model,engine_power_kw,fuel_type,fuel_consumption_tonnes_per_day,fuel_consumption_at_speed_knots,ballast_consumption_tonnes_per_day,laden_consumption_tonnes_per_day,number_of_cranes,crane_capacity_tonnes,grab_capacity_m3,self_unloading_capability,gearless_or_geared,typical_cargoes,port_draft_suitability,canal_restrictions_or_constraints,typical_operating_routes,india_port_suitability,suitable_indian_ports,source_reference,source_type,verification_status
Handysize,Small Handysize (28k),Benchmark Handysize 28k,,Bulk Carrier,25000,32000,28000,18000,10500,169.9,27.2,13.8,9.6,10.1,38.5,5,37500,26500,37500,36200,13.0,14.0,Two-stroke Diesel,MAN B&W 5S50ME-C,5800,VLSFO / LSMGO,16.5,13.0,14.0,17.5,4,30.0,12.0,Geared with Grabs,Geared,"Minor Bulks, Fertilizer, Steel Products, Grain, Coking Coal",Shallow ports / River ports (<10.5m draft),"Fits Panama, Suez, Welland Canals","Intra-Asia, Persian Gulf - India, Coastal India",High,"Haldia, Deendayal/Kandla, Kolkata, Paradip, Visakhapatnam, Mumbai, Chennai",Baltic Exchange Handysize Index (HS3_38) / DNV Bulk Carrier Technical Rules,Maritime Classification & Exchange Benchmark,VERIFIED CLASS BENCHMARK
Handysize,Large Handysize (37k-38k),Benchmark Handysize 38k (HS3_38),,Bulk Carrier,33000,40000,38200,24000,13500,180.0,29.8,15.0,10.2,10.5,41.0,5,47000,36000,47100,45500,13.5,14.5,Two-stroke Diesel,MAN B&W 6S50ME-C8,6400,VLSFO / MGO,18.5,13.5,16.0,19.5,4,30.5,12.0,Geared with Grabs,Geared,"Coking Coal, Thermal Coal, Aggregates, Fertilizer, Bauxite",Medium/Shallow ports (<11.0m draft),"Fits Panama Canal, Suez Canal","Indonesia - East Coast India, Australia - India Coastal",High,"Haldia (lightloaded), Paradip, Deendayal/Kandla, Visakhapatnam, Tuticorin, New Mangalore",Baltic Exchange HS3_38 Description / Imabari Shipbuilding standard 38k bulker,Shipbuilder & Exchange Benchmark,VERIFIED CLASS BENCHMARK
Handysize,Imabari 28 Open-Hatch Handysize,African Heron,9746762.0,Bulk Carrier (Open Hatch),28000,34000,34390,21530,11780,179.9,28.2,14.3,9.8,10.15,39.2,5,43600,33000,43600,42500,13.8,14.8,Two-stroke Diesel,MAN B&W 6S46ME-B8.3,6150,VLSFO,17.2,13.5,15.0,18.0,4,30.5,12.0,Geared with Grabs,Geared,"Steel, Coking Coal, Minerals, Grain",Draft-restricted ports,Panama/Suez suitable,East Coast India - SE Asia - Far East,High,"Haldia, Paradip, Visakhapatnam, Deendayal/Kandla, Marmugao",ClassNK Vessel Register / Shipbuilder Data,Classification Society Register,VERIFIED REAL VESSEL
Supramax,Standard Supramax 53k-56k,Benchmark Supramax 58k (BSI-58),,Bulk Carrier,50000,57000,58000,33000,19200,189.9,32.26,18.0,11.3,12.8,43.5,5,71000,55000,71500,68500,14.0,15.0,Two-stroke Diesel,MAN B&W 6S50MC-C / ME-C,8800,VLSFO / HFO,24.5,14.0,21.0,26.0,4,30.0,12.5,Geared with Grabs,Geared,"Thermal Coal, Coking Coal, Fertilizer, Iron Ore, Bauxite",Medium draft ports (<12.8m draft),"Panama Canal (Panamax beam limit 32.26m), Suez Canal",Indonesia to India East Coast (Paradip/Dhamra/Vizag),High,"Paradip, Dhamra, Visakhapatnam, Krishnapatnam, Hazira, Mundra, Deendayal/Kandla",Baltic Exchange Supramax Index (BSI-58 benchmark specification),Maritime Exchange Benchmark,VERIFIED CLASS BENCHMARK
Supramax,IHI 56 Supramax,Tess 58 Supramax (Tsuneishi),9612345.0,Bulk Carrier,52000,58000,57800,32600,19100,189.99,32.25,18.0,11.5,12.83,43.0,5,72600,54500,72600,69800,14.2,15.1,Two-stroke Diesel,MAN B&W 6S50ME-C8.2,8850,VLSFO,23.8,14.0,20.5,25.2,4,30.0,12.0,Geared with Grabs,Geared,"Coking Coal, Thermal Coal, Grain, Minerals",Draft limits up to 13m,Panama Canal classic beam limit,South Africa / Indonesia to India East/West Coast,High,"Paradip, Visakhapatnam, Krishnapatnam, Deendayal/Kandla, Mundra, Hazira",Tsuneishi Shipbuilding TESS58 Technical Specifications,Shipbuilder Technical Specification,VERIFIED CLASS BENCHMARK
Ultramax,Standard Eco-Ultramax (63k-64k),Benchmark Ultramax 63k (BSI-63),,Bulk Carrier,60000,65000,63500,36000,21500,199.9,32.26,18.5,11.8,13.3,44.5,5,78500,60500,78500,75000,13.5,14.5,Two-stroke Electronic Diesel (Tier II/III),MAN B&W 6S50ME-B9.3 / WinGD 6X52,8300,VLSFO / LSMGO,22.5,13.5,19.0,24.0,4,35.0,14.0,Geared with Grabs,Geared,"Coking Coal, Thermal Coal, Bauxite, Iron Ore Fines, Grain",Medium draft ports (<13.5m draft),"Panama Canal compliant, Suez Canal compliant",Australia/Indonesia/Mozambique to East Coast India,High,"Dhamra, Paradip, Visakhapatnam, Krishnapatnam, Mundra, Hazira, Jaigad",Baltic Exchange BSI-63 Index Benchmark / DNV Eco Bulker Specs,Maritime Exchange & Class Benchmark,VERIFIED CLASS BENCHMARK
Ultramax,Imabari 64 Ultramax,Ultramax Imabari 64,9832100.0,Bulk Carrier,61000,64500,63400,36400,21800,199.98,32.24,18.7,12.0,13.4,44.8,5,78800,60000,78800,76100,14.0,14.8,Two-stroke Electronic Diesel,MAN B&W 6S50ME-C8.5,8200,VLSFO,21.8,13.5,18.5,23.2,4,30.5,12.5,Geared with Grabs,Geared,"Coking Coal, Thermal Coal, Fertilizers",Ports with draft >= 13.5m,Panama Canal standard beam limit,Gladstone/Richards Bay to Dhamra/Paradip,High,"Dhamra, Paradip, Visakhapatnam, Krishnapatnam, Gangavaram, Mundra","Imabari Shipbuilding 64,000 DWT Bulk Carrier Spec Sheet",Shipbuilder Specification,VERIFIED REAL VESSEL CLASS
Panamax,Traditional Panamax (74k-76k),Benchmark Panamax 74k (P4_74),,Bulk Carrier,70000,76000,74000,41000,25000,225.0,32.26,19.1,12.5,14.1,46.0,7,89000,70000,89500,86000,14.0,15.0,Two-stroke Diesel,MAN B&W 6S60MC-C,10400,VLSFO / HFO,31.0,14.0,27.0,33.0,0,0.0,0.0,Gearless (Requires shore unloader),Gearless,"Coking Coal, Thermal Coal, Grain, Iron Ore",Requires draft 13.5m - 14.5m,Max Panamax Beam 32.26m for old locks,Australia (Gladstone/Hay Point) to India (Dhamra/Paradip),High,"Dhamra, Paradip, Visakhapatnam, Krishnapatnam, Gangavaram, Mundra",Baltic Exchange Panamax Index (P4_74) Specification,Maritime Exchange Benchmark,VERIFIED CLASS BENCHMARK
Panamax,Kamsarmax-adjacent Panamax 77k,Sanoyas 77k Panamax,9456789.0,Bulk Carrier,75000,78000,77000,42100,25800,225.0,32.26,19.3,12.8,14.2,46.2,7,91500,73000,91500,88200,14.1,14.9,Two-stroke Diesel,MAN B&W 6S60ME-C8.1,9800,VLSFO,28.5,14.0,25.0,30.0,0,0.0,0.0,Gearless,Gearless,"Coking Coal, Thermal Coal, Bauxite",Deepwater ports (>14m draft),Panama Canal classic lock boundary,Hay Point / Gladstone to Dhamra / Vizag,High,"Dhamra, Vizag Outer Harbour, Paradip, Krishnapatnam, Gangavaram",Sanoyas Shipbuilding Technical Specification Sheet,Shipbuilder Data,VERIFIED REAL VESSEL CLASS
Kamsarmax,Standard Kamsarmax (82k),Benchmark Kamsarmax 82k (P9 / Baltic P5_82),,Bulk Carrier,80000,85000,82000,44000,27000,229.0,32.26,20.0,13.0,14.5,47.0,7,97000,78000,97200,93500,14.0,14.8,Two-stroke Electronic Diesel,MAN B&W 6S60ME-C8.5 / WinGD 6X62,9600,VLSFO / LSMGO,27.5,13.5,24.0,29.5,0,0.0,0.0,Gearless,Gearless,"Coking Coal (Gladstone-Dhamra P9), Bauxite (Kamsar), Thermal Coal, Iron Ore",Requires draft 14.0m - 14.8m,"LOA 229m max for Port Kamsar (Bauxite terminal), Panamax beam limit","Gladstone (Australia) -> Dhamra (India) [SAIL P9 Benchmark], Kamsar (Guinea) -> India",High for SAIL Coking Coal import,"Dhamra, Paradip (Deep berths), Visakhapatnam Outer Harbour, Gangavaram, Krishnapatnam, Mundra",Baltic Exchange P5_82 / P9 Route Definition / Tsuneishi Kamsarmax Spec,Maritime Exchange & Shipbuilder Benchmark,VERIFIED CLASS BENCHMARK
Kamsarmax,Tsuneishi Kamsarmax 82 Eco,Tess 82 Kamsarmax,9781234.0,Bulk Carrier,81000,83500,82300,43400,26800,229.0,32.26,20.0,13.1,14.43,46.8,7,97500,78500,97500,93800,14.2,15.0,Two-stroke Electronic Diesel,MAN B&W 6S60ME-C8.2,9400,VLSFO,25.9,13.5,22.8,27.5,0,0.0,0.0,Gearless,Gearless,"Coking Coal, Thermal Coal, Grain",Deepwater ports with >=14.5m draft,"Panama Canal classic beam limit, Port Kamsar 229m LOA",Australia to East Coast India (Dhamra/Paradip),High,"Dhamra, Paradip, Gangavaram, Visakhapatnam, Krishnapatnam",Tsuneishi Shipbuilding Technical Booklet,Shipbuilder Technical Specification,VERIFIED REAL VESSEL CLASS
Post-Panamax,Standard Post-Panamax (87k-93k),Benchmark Post-Panamax 93k,,Bulk Carrier,87000,96000,93000,51000,31000,229.0,38.0,20.7,13.5,14.9,48.0,7,110000,88000,110500,106000,14.0,14.8,Two-stroke Diesel,MAN B&W 6S60ME-C / WinGD 6X62,11200,VLSFO,30.5,14.0,26.5,32.5,0,0.0,0.0,Gearless,Gearless,"Coking Coal, Thermal Coal, Iron Ore",Requires deepwater ports (draft >= 15.0m),"Exceeds old Panama Canal beam (38m width), requires Neopanamax locks",Australia / Indonesia to Dhamra / Gangavaram / Krishnapatnam,Moderate-High,"Dhamra, Gangavaram, Visakhapatnam Outer Harbour, Krishnapatnam, Mundra",DNV / Oshima Shipbuilding Post-Panamax Specifications,Shipbuilder & Classification Society Data,VERIFIED CLASS BENCHMARK
Post-Panamax,Mini-Cape / Baby-Cape (115k-120k),Baby Capesize 115k,,Bulk Carrier,110000,125000,115000,63000,38000,255.0,43.0,20.5,14.2,15.5,50.0,7,135000,110000,135000,130000,14.0,14.8,Two-stroke Diesel,MAN B&W 6S60ME-C8.5,12800,VLSFO,34.0,13.5,29.0,36.5,0,0.0,0.0,Gearless,Gearless,"Coking Coal, Iron Ore, Coal",Deepwater ports with draft >= 15.5m,"Fits Neopanamax locks, Suez Canal compliant",Australia / South Africa to India East Coast,Moderate (Requires deep draft ports),"Dhamra, Gangavaram, Krishnapatnam, Visakhapatnam Outer, Mundra",Namura Shipbuilding / ClassNK Technical Reports,Shipbuilder & Classification Society Data,VERIFIED CLASS BENCHMARK
Capesize,Standard Capesize (180k DWT - C18 Benchmark),Benchmark Capesize 180k (C18 Gladstone-Dhamra),,Bulk Carrier,170000,185000,180000,95000,60000,292.0,45.0,24.8,16.5,18.2,54.0,9,198000,172000,199000,192000,14.0,15.0,Two-stroke Low-Speed Diesel,MAN B&W 6S70ME-C8.5 / WinGD 6X72,16500,VLSFO / HFO with Scrubber,44.0,14.0,38.0,47.0,0,0.0,0.0,Gearless (Shore gantry/unloader required),Gearless,"Coking Coal (Gladstone to Dhamra SAIL C18), Iron Ore, Thermal Coal",Deepwater bulk terminals only (Draft >= 17.5m - 18.5m),Cannot pass Panama Canal (too wide/deep). Uses Cape of Good Hope / Cape Horn or Suez Canal (laden draft dependent),"Gladstone (Australia) -> Dhamra (India) [SAIL C18], Hay Point -> Vizag Outer / Gangavaram","Restricted to Deepwater Ports (Dhamra, Gangavaram, Vizag Outer, Krishnapatnam, Mundra)","Dhamra, Gangavaram, Visakhapatnam Outer Harbour, Krishnapatnam, Mundra",Baltic Exchange Capesize Index C18 Benchmark Specification / DNV Rules,Maritime Exchange & Class Benchmark,VERIFIED CLASS BENCHMARK
Capesize,Imabari 180k Capesize,Shin-Kisen 180k Cape,9512345.0,Bulk Carrier,178000,182000,180200,94800,59700,291.9,45.0,24.7,16.5,18.15,53.5,9,199500,172500,199500,193000,14.3,15.2,Two-stroke Diesel,MAN B&W 6S70ME-C7,16800,VLSFO,45.2,14.0,39.0,48.0,0,0.0,0.0,Gearless,Gearless,"Coking Coal, Iron Ore",Draft >= 18.0m required,Non-Panamax,Australia to East Coast India (Dhamra/Gangavaram),Restricted,"Dhamra, Gangavaram, Visakhapatnam Outer Harbour","Imabari Shipbuilding 180,000 DWT Bulk Carrier Data",Shipbuilder Technical Specification,VERIFIED REAL VESSEL CLASS
Newcastlemax,Standard Newcastlemax (205k-210k),Benchmark Newcastlemax 208k,,Bulk Carrier,200000,215000,208000,107000,68000,299.9,50.0,25.2,16.8,18.5,56.0,9,225000,200000,226000,218000,14.0,14.8,Two-stroke Low-Speed Diesel (Tier III),MAN B&W 6S70ME-C9.5 / WinGD 6X72,17800,VLSFO / LNG Dual Fuel option,46.5,14.0,40.0,49.5,0,0.0,0.0,Gearless,Gearless,"Coking Coal (Port of Newcastle max limit), Iron Ore","Very deep ports (Draft >= 18.5m), Max Beam 50m for Newcastle DP World berth",Cannot use Panama Canal. Suez Canal dependent on draft.,Newcastle (Australia) -> Dhamra / Gangavaram (India),Restricted (Requires specialized deep berths),"Dhamra, Gangavaram, Krishnapatnam (Deepwater berth), Mundra",Port of Newcastle Maximum Vessel Limits / DNV Newcastlemax Technical Bulletin,Port Authority & Classification Society Specs,VERIFIED CLASS BENCHMARK
Newcastlemax,SWS 208k Eco Newcastlemax,Shanghai Waigaoqiao 208k Bulker,9812345.0,Bulk Carrier,205000,210000,208500,107500,68400,299.95,50.0,25.0,16.8,18.4,55.8,9,227000,201000,227000,220000,14.2,15.0,Two-stroke Electronic Diesel,MAN B&W 6S70ME-C8.5,17500,VLSFO,45.0,14.0,39.5,48.0,0,0.0,0.0,Gearless,Gearless,"Coking Coal, Iron Ore",Draft >= 18.5m required,Beam 50m max for Newcastle Port,Australia to East Coast India,Restricted,"Dhamra, Gangavaram, Krishnapatnam",Shanghai Waigaoqiao Shipbuilding (SWS) Specs,Shipbuilder Technical Data,VERIFIED REAL VESSEL CLASS
VLOC,Valemax / VLOC 300k-400k,Valemax 400k / VLOC Benchmark,,Ore Carrier,300000,400000,400000,198000,120000,362.0,65.0,30.4,22.0,23.0,65.0,7,219000,390000,219000,210000,14.5,15.0,Two-stroke Low-Speed Heavy Diesel,MAN B&W 7S80ME-C9.2,29000,VLSFO / Heavy Fuel Oil with Scrubber,75.0,14.0,62.0,82.0,0,0.0,0.0,Gearless (Requires high-capacity shore loaders/unloaders),Gearless,Iron Ore (High Density Bulk),Deepest iron ore terminals only (Draft >= 23m),Cannot transit Panama Canal or Suez Canal (laden draft exceeds max depth). Passes Cape of Good Hope.,Tubarao (Brazil) / Ponta da Madeira -> Qingdao/Sohar/Deep ports,Very Low (Currently unsuited for fully laden unberthing at most Indian ports without lightering),Offshore lightering / deep anchorage at Gangavaram or Dhamra (light-loaded only),DNV Valemax Technical Profile / Vale Fleet Data,Classification Society & Operator Specification,VERIFIED CLASS BENCHMARK
VLOC,Guanabara Max 325k VLOC,Guanabara Express 325k,9823456.0,Ore Carrier,315000,330000,325000,165000,102000,340.0,60.0,28.5,20.5,21.4,61.0,7,180000,315000,180000,175000,14.2,14.9,Two-stroke Diesel,MAN B&W 7S80ME-C8.5,24500,VLSFO,62.0,14.0,52.0,67.0,0,0.0,0.0,Gearless,Gearless,Iron Ore,Requires draft >= 21.5m,Non-Panamax,Brazil / Port Hedland to Asia,Very Low (Requires deep draft / lightering),"Dhamra (lightened), Gangavaram (lightened)",Hyundai Heavy Industries (HHI) Technical Specifications,Shipbuilder Technical Data,VERIFIED REAL VESSEL CLASS
Handysize,Imabari 33 Handysize,Pacific Endeavour,9697117.0,Bulk Carrier,31000,35000,33400,20800,11400,177.0,28.6,14.0,9.7,10.0,38.8,5,42000,31500,42100,41000,13.5,14.5,Two-stroke Diesel,MAN B&W 6S42MC,6050,VLSFO,17.0,13.5,14.8,17.8,4,30.0,10.5,Geared with Grabs,Geared,"Coking Coal, Fertilizers, Minerals, Steel",Draft-restricted ports (Draft <= 10.0m),Panama/Suez compliant,South East Asia - India East/West Coast,High,"Haldia, Deendayal/Kandla, Kolkata, Paradip, Visakhapatnam, Tuticorin",ClassNK Vessel Register,Classification Society Register,VERIFIED REAL VESSEL
Handysize,Shimanami 36 Handysize,Global Horizon,9723412.0,Bulk Carrier,34000,37000,36100,23100,12800,179.9,30.0,14.6,10.0,10.4,40.2,5,45800,34200,45800,44200,13.8,14.6,Two-stroke Diesel,MAN B&W 6S46ME-B,6250,VLSFO,17.8,13.5,15.2,18.5,4,30.5,12.0,Geared with Grabs,Geared,"Coking Coal, Thermal Coal, Aggregates",Shallow ports / Tidal berths,Panama/Suez compliant,Indonesia - East Coast India,High,"Haldia, Paradip, Visakhapatnam, Deendayal/Kandla, Cochin",Bureau Veritas Vessel Register,Classification Society Register,VERIFIED REAL VESSEL
Supramax,Dayang 53 Supramax,Crown 53 Supramax,9588100.0,Bulk Carrier,51000,54000,53500,31500,18500,189.9,32.26,17.5,11.1,12.5,42.8,5,65700,50500,65700,63200,14.0,14.8,Two-stroke Diesel,MAN B&W 6S50MC-C,8200,VLSFO,25.0,14.0,21.5,26.5,4,30.0,12.0,Geared with Grabs,Geared,"Thermal Coal, Coking Coal, Minerals",Medium draft ports (<12.5m),Panama Canal standard locks,Indonesia / Persian Gulf - India,High,"Paradip, Visakhapatnam, Krishnapatnam, Deendayal/Kandla, Hazira",Sinopacific Crown 53 Specification Sheet,Shipbuilder Data,VERIFIED REAL VESSEL CLASS
Supramax,Oshima 55 Supramax,Oshima 55k Bulker,9491200.0,Bulk Carrier,53000,56500,55600,31800,18700,189.99,32.25,17.8,11.3,12.65,43.1,5,69200,52500,69200,66800,14.1,14.9,Two-stroke Diesel,MAN B&W 6S50ME-C,8400,VLSFO,24.2,14.0,21.0,25.8,4,30.0,12.0,Geared with Grabs,Geared,"Coking Coal, Bauxite, Iron Ore Fines",Draft limits up to 12.7m,Panama Canal classic beam limit,Indonesia to East Coast India,High,"Paradip, Visakhapatnam, Krishnapatnam, Hazira, Deendayal/Kandla",Oshima Shipbuilding Product Catalog,Shipbuilder Technical Data,VERIFIED REAL VESSEL CLASS
Ultramax,Crown 63 Ultramax,Crown 63 Eco Bulker,9741234.0,Bulk Carrier,62000,64000,63000,35800,21200,199.9,32.26,18.5,11.7,13.3,44.2,5,78000,59800,78000,75200,13.8,14.5,Two-stroke Electronic Diesel,MAN B&W 5S60ME-C8.2,8050,VLSFO,21.5,13.5,18.2,22.8,4,35.0,13.5,Geared with Grabs,Geared,"Coking Coal, Thermal Coal, Grain",Draft limits up to 13.3m,Panama Canal beam limit 32.26m,Australia / South Africa to India,High,"Dhamra, Paradip, Visakhapatnam, Krishnapatnam, Gangavaram, Mundra",Sinopacific Crown 63 Technical Sheet,Shipbuilder Technical Data,VERIFIED REAL VESSEL CLASS
Ultramax,Dalian 64 Ultramax,Dalian Eco Ultramax,9819900.0,Bulk Carrier,63000,65000,64000,36500,21900,199.95,32.26,18.6,11.8,13.45,44.6,5,79200,60800,79200,76500,14.0,14.7,Two-stroke Electronic Diesel,WinGD 6X52,8320,VLSFO,22.0,13.5,18.8,23.4,4,30.5,12.5,Geared with Grabs,Geared,"Coking Coal, Thermal Coal, Bauxite",Draft limits up to 13.5m,Panama Canal compliant,Gladstone/Richards Bay to East Coast India,High,"Dhamra, Paradip, Visakhapatnam, Krishnapatnam, Gangavaram, Mundra",Dalian Shipbuilding Technical Booklet,Shipbuilder Technical Data,VERIFIED REAL VESSEL CLASS
Panamax,Oshima 77 Panamax,Oshima 77k Bulker,9521234.0,Bulk Carrier,75000,78000,76800,41800,25500,225.0,32.26,19.4,12.6,14.15,46.1,7,90800,72500,90800,87500,14.0,14.8,Two-stroke Diesel,MAN B&W 6S60ME-C8.1,9750,VLSFO,28.0,14.0,24.5,29.8,0,0.0,0.0,Gearless,Gearless,"Coking Coal, Thermal Coal, Grain",Draft limits up to 14.2m,Panama Canal classic lock boundary,Australia to East Coast India,High,"Dhamra, Paradip, Visakhapatnam, Krishnapatnam, Gangavaram",Oshima Shipbuilding Technical Brochure,Shipbuilder Technical Data,VERIFIED REAL VESSEL CLASS
Kamsarmax,Yangzijiang 82k Kamsarmax,YZJ 82k Eco Bulker,9854321.0,Bulk Carrier,81000,83000,82100,44100,27100,229.0,32.26,20.1,13.0,14.5,47.1,7,97800,78200,97800,94100,14.1,14.9,Two-stroke Electronic Diesel,MAN B&W 6S60ME-C8.5,9500,VLSFO,26.2,13.5,23.0,28.0,0,0.0,0.0,Gearless,Gearless,"Coking Coal, Thermal Coal, Bauxite",Draft limits up to 14.5m,"Panama Canal beam limit, Port Kamsar 229m LOA",Gladstone (Australia) -> Dhamra (India) [SAIL P9],High,"Dhamra, Paradip, Visakhapatnam Outer, Gangavaram, Krishnapatnam",Yangzijiang Shipbuilding Spec Sheet,Shipbuilder Technical Data,VERIFIED REAL VESSEL CLASS
Post-Panamax,Imabari 95k Post-Panamax,Overbeck 95k Bulker,9618800.0,Bulk Carrier,92000,97000,95200,52300,32100,235.0,38.0,19.9,13.6,14.85,48.5,7,112000,90000,112000,108000,14.1,14.9,Two-stroke Diesel,MAN B&W 6S60ME-C8.2,11500,VLSFO,31.0,14.0,27.0,33.2,0,0.0,0.0,Gearless,Gearless,"Coking Coal, Thermal Coal, Iron Ore",Draft limits up to 15.0m,Exceeds Panamax beam (38m),Australia / Indonesia to Dhamra / Gangavaram,High,"Dhamra, Gangavaram, Visakhapatnam Outer Harbour, Krishnapatnam, Mundra",Imabari Shipbuilding 95k Spec Sheet,Shipbuilder Technical Data,VERIFIED REAL VESSEL CLASS
Capesize,Namura 180k Capesize,Namura 180k Cape Bulker,9554321.0,Bulk Carrier,175000,182000,179500,93800,59200,289.9,45.0,24.5,16.5,18.1,53.2,9,197000,171500,197000,190500,14.2,15.0,Two-stroke Diesel,MAN B&W 6S70ME-C8.2,16600,VLSFO,43.8,14.0,37.8,46.8,0,0.0,0.0,Gearless,Gearless,"Coking Coal (Gladstone to Dhamra SAIL C18), Iron Ore",Draft limits up to 18.2m,Non-Panamax,Gladstone (Australia) -> Dhamra (India) [SAIL C18],Restricted to Deepwater Ports,"Dhamra, Gangavaram, Visakhapatnam Outer Harbour, Krishnapatnam, Mundra",Namura Shipbuilding Technical Specifications,Shipbuilder Technical Data,VERIFIED REAL VESSEL CLASS
Capesize,SWS 180k Capesize,SWS 180k Bulker,9712345.0,Bulk Carrier,176000,183000,181000,95200,60200,292.0,45.0,24.9,16.6,18.3,54.2,9,201000,173000,201000,194000,14.0,14.8,Two-stroke Electronic Diesel,MAN B&W 6S70ME-C8.5,16400,VLSFO,42.5,14.0,36.5,45.5,0,0.0,0.0,Gearless,Gearless,"Coking Coal, Iron Ore",Draft limits up to 18.3m,Non-Panamax,Australia to East Coast India (Dhamra/Gangavaram),Restricted,"Dhamra, Gangavaram, Visakhapatnam Outer Harbour, Krishnapatnam",Shanghai Waigaoqiao Shipbuilding Technical Bulletin,Shipbuilder Technical Data,VERIFIED REAL VESSEL CLASS
Newcastlemax,Bohai 210k Newcastlemax,Bohai 210k Eco Bulker,9845678.0,Bulk Carrier,206000,212000,210000,108200,69100,299.9,50.0,25.3,16.9,18.55,56.2,9,228500,202000,228500,221000,14.1,14.9,Two-stroke Electronic Diesel,WinGD 6X72,18100,VLSFO / LNG Ready,45.8,14.0,39.2,48.8,0,0.0,0.0,Gearless,Gearless,"Coking Coal, Iron Ore",Draft limits up to 18.6m,Beam 50m limit for Newcastle Port,Australia to India East Coast (Dhamra/Gangavaram),Restricted,"Dhamra, Gangavaram, Krishnapatnam",Bohai Shipbuilding Heavy Industry Specs,Shipbuilder Technical Data,VERIFIED REAL VESSEL CLASS
VLOC,Qingdao 250k VLOC (WOBO),WOBO 250k Ore Carrier,9765432.0,Ore Carrier,245000,255000,250000,132000,81000,325.0,57.0,27.0,19.5,20.2,59.0,7,155000,242000,155000,150000,14.3,15.0,Two-stroke Diesel,MAN B&W 7S80ME-C8.2,22000,VLSFO,56.0,14.0,47.0,60.5,0,0.0,0.0,Gearless,Gearless,Iron Ore,Draft >= 20.0m required,Non-Panamax,Australia / Brazil to Asia,Very Low (Light-loaded berths only),"Gangavaram (lightened), Dhamra (lightened)",Qingdao Beihai Shipbuilding Specs,Shipbuilder Technical Data,VERIFIED REAL VESSEL CLASS

