file,sha256,bytes,origin,licence_status,modified_by_package_builder
BDI BCI BPI BSI.csv,cd8e46f47ae62025b00f2eef2a1d0c2b24b7ef39ca0d496ee656aafb518de676,141210,User-supplied Google Drive,REQUIRES_USER_CONFIRMATION,False
Bunker Fuel Prices.csv,162e862082e64325566c3ba60fec4f7c5b52ffa91d512d47618cb7d8003806c3,97378,User-supplied Google Drive,REQUIRES_USER_CONFIRMATION,False
Commodity Prices Complete.csv,51d3b8c90b825e3f3dd799a82410cd948489f7f37760571b3a2fa26ac93d6f87,24614,User-supplied Google Drive,REQUIRES_USER_CONFIRMATION,False
Economic Indicators Complete.csv,ebb2f7060a66c7a4d05915ade26326d1d9c752ba3e236cba4ef4503e58c8f038,13192,User-supplied Google Drive,REQUIRES_USER_CONFIRMATION,False
Freight Rates.csv,f583be924c3c1eb98eea806358faf37c9c9e5785bb9344e71ecca7457a79ec74,10768,User-supplied Google Drive,REQUIRES_USER_CONFIRMATION,False
Port Congestion Waiting Time.csv,5b0cd77524a929864711093961905b918a708c5b7c95d00c622d03f41e18cc7b,40474,User-supplied Google Drive,REQUIRES_USER_CONFIRMATION,False
Port Terminal Specifications.csv,4dd2afa422c972bd7452ecada2f365bdedc63df0a1d5b3156c8401f8a078bcbc,12899,User-supplied Google Drive,REQUIRES_USER_CONFIRMATION,False
Seasonality Weather.csv,c94ea39cb5acd2b48d03e324d2bf018fcabb3811f89f6706441a0294ed65d5a9,169315,User-supplied Google Drive,REQUIRES_USER_CONFIRMATION,False
Trade Routes.csv,5b380a0120022d794b42d51b6fe0efafc4af257ecbde50f089ed5f9e5350837f,12019,User-supplied Google Drive,REQUIRES_USER_CONFIRMATION,False
Vessel Specifications.csv,0fd020b2320ba78fdeeb9f8b302861739abdc653ed713c833d47b48ff4c19ea2,21446,User-supplied Google Drive,REQUIRES_USER_CONFIRMATION,False
