quote_date,route_id,vessel_class,contract_type,quoted_rate_usd_per_mt,contract_months,is_synthetic,source_origin,synthetic_seed
2025-01-01,R001,Capesize,SPOT,26.447,1,True,synthetic_scenario_generator,26006
2025-01-01,R001,Capesize,MULTI_VOYAGE_3M,25.786,3,True,synthetic_scenario_generator,26006
2025-01-01,R001,Capesize,MULTI_VOYAGE_6M,25.257,6,True,synthetic_scenario_generator,26006
2025-02-01,R001,Capesize,SPOT,28.061,1,True,synthetic_scenario_generator,26006
2025-02-01,R001,Capesize,MULTI_VOYAGE_3M,27.359,3,True,synthetic_scenario_generator,26006
2025-02-01,R001,Capesize,MULTI_VOYAGE_6M,26.798,6,True,synthetic_scenario_generator,26006
2025-03-01,R001,Capesize,SPOT,32.736,1,True,synthetic_scenario_generator,26006
2025-03-01,R001,Capesize,MULTI_VOYAGE_3M,31.918,3,True,synthetic_scenario_generator,26006
2025-03-01,R001,Capesize,MULTI_VOYAGE_6M,31.263,6,True,synthetic_scenario_generator,26006
2025-04-01,R001,Capesize,SPOT,35.202,1,True,synthetic_scenario_generator,26006
2025-04-01,R001,Capesize,MULTI_VOYAGE_3M,34.322,3,True,synthetic_scenario_generator,26006
2025-04-01,R001,Capesize,MULTI_VOYAGE_6M,33.618,6,True,synthetic_scenario_generator,26006
2025-05-01,R001,Capesize,SPOT,30.459,1,True,synthetic_scenario_generator,26006
2025-05-01,R001,Capesize,MULTI_VOYAGE_3M,29.698,3,True,synthetic_scenario_generator,26006
2025-05-01,R001,Capesize,MULTI_VOYAGE_6M,29.088,6,True,synthetic_scenario_generator,26006
2025-06-01,R001,Capesize,SPOT,30.694,1,True,synthetic_scenario_generator,26006
2025-06-01,R001,Capesize,MULTI_VOYAGE_3M,29.927,3,True,synthetic_scenario_generator,26006
2025-06-01,R001,Capesize,MULTI_VOYAGE_6M,29.313,6,True,synthetic_scenario_generator,26006
2025-07-01,R001,Capesize,SPOT,26.667,1,True,synthetic_scenario_generator,26006
2025-07-01,R001,Capesize,MULTI_VOYAGE_3M,26.0,3,True,synthetic_scenario_generator,26006
2025-07-01,R001,Capesize,MULTI_VOYAGE_6M,25.467,6,True,synthetic_scenario_generator,26006
2025-08-01,R001,Capesize,SPOT,26.906,1,True,synthetic_scenario_generator,26006
2025-08-01,R001,Capesize,MULTI_VOYAGE_3M,26.233,3,True,synthetic_scenario_generator,26006
2025-08-01,R001,Capesize,MULTI_VOYAGE_6M,25.695,6,True,synthetic_scenario_generator,26006
2025-09-01,R001,Capesize,SPOT,26.744,1,True,synthetic_scenario_generator,26006
2025-09-01,R001,Capesize,MULTI_VOYAGE_3M,26.075,3,True,synthetic_scenario_generator,26006
2025-09-01,R001,Capesize,MULTI_VOYAGE_6M,25.541,6,True,synthetic_scenario_generator,26006
2025-10-01,R001,Capesize,SPOT,26.621,1,True,synthetic_scenario_generator,26006
2025-10-01,R001,Capesize,MULTI_VOYAGE_3M,25.955,3,True,synthetic_scenario_generator,26006
2025-10-01,R001,Capesize,MULTI_VOYAGE_6M,25.423,6,True,synthetic_scenario_generator,26006
2025-11-01,R001,Capesize,SPOT,28.499,1,True,synthetic_scenario_generator,26006
2025-11-01,R001,Capesize,MULTI_VOYAGE_3M,27.787,3,True,synthetic_scenario_generator,26006
2025-11-01,R001,Capesize,MULTI_VOYAGE_6M,27.217,6,True,synthetic_scenario_generator,26006
2025-12-01,R001,Capesize,SPOT,27.484,1,True,synthetic_scenario_generator,26006
2025-12-01,R001,Capesize,MULTI_VOYAGE_3M,26.797,3,True,synthetic_scenario_generator,26006
2025-12-01,R001,Capesize,MULTI_VOYAGE_6M,26.247,6,True,synthetic_scenario_generator,26006
2026-01-01,R001,Capesize,SPOT,31.39,1,True,synthetic_scenario_generator,26006
2026-01-01,R001,Capesize,MULTI_VOYAGE_3M,30.605,3,True,synthetic_scenario_generator,26006
2026-01-01,R001,Capesize,MULTI_VOYAGE_6M,29.977,6,True,synthetic_scenario_generator,26006
2026-02-01,R001,Capesize,SPOT,30.555,1,True,synthetic_scenario_generator,26006
2026-02-01,R001,Capesize,MULTI_VOYAGE_3M,29.791,3,True,synthetic_scenario_generator,26006
2026-02-01,R001,Capesize,MULTI_VOYAGE_6M,29.18,6,True,synthetic_scenario_generator,26006
2026-03-01,R001,Capesize,SPOT,34.954,1,True,synthetic_scenario_generator,26006
2026-03-01,R001,Capesize,MULTI_VOYAGE_3M,34.08,3,True,synthetic_scenario_generator,26006
2026-03-01,R001,Capesize,MULTI_VOYAGE_6M,33.381,6,True,synthetic_scenario_generator,26006
2026-04-01,R001,Capesize,SPOT,33.86,1,True,synthetic_scenario_generator,26006
2026-04-01,R001,Capesize,MULTI_VOYAGE_3M,33.014,3,True,synthetic_scenario_generator,26006
2026-04-01,R001,Capesize,MULTI_VOYAGE_6M,32.336,6,True,synthetic_scenario_generator,26006
2026-05-01,R001,Capesize,SPOT,28.707,1,True,synthetic_scenario_generator,26006
2026-05-01,R001,Capesize,MULTI_VOYAGE_3M,27.989,3,True,synthetic_scenario_generator,26006
2026-05-01,R001,Capesize,MULTI_VOYAGE_6M,27.415,6,True,synthetic_scenario_generator,26006
2026-06-01,R001,Capesize,SPOT,29.023,1,True,synthetic_scenario_generator,26006
2026-06-01,R001,Capesize,MULTI_VOYAGE_3M,28.297,3,True,synthetic_scenario_generator,26006
2026-06-01,R001,Capesize,MULTI_VOYAGE_6M,27.717,6,True,synthetic_scenario_generator,26006
2026-07-01,R001,Capesize,SPOT,28.099,1,True,synthetic_scenario_generator,26006
2026-07-01,R001,Capesize,MULTI_VOYAGE_3M,27.397,3,True,synthetic_scenario_generator,26006
2026-07-01,R001,Capesize,MULTI_VOYAGE_6M,26.835,6,True,synthetic_scenario_generator,26006
2026-08-01,R001,Capesize,SPOT,25.227,1,True,synthetic_scenario_generator,26006
2026-08-01,R001,Capesize,MULTI_VOYAGE_3M,24.596,3,True,synthetic_scenario_generator,26006
2026-08-01,R001,Capesize,MULTI_VOYAGE_6M,24.092,6,True,synthetic_scenario_generator,26006
2025-01-01,R002,Panamax,SPOT,25.725,1,True,synthetic_scenario_generator,26006
2025-01-01,R002,Panamax,MULTI_VOYAGE_3M,25.082,3,True,synthetic_scenario_generator,26006
2025-01-01,R002,Panamax,MULTI_VOYAGE_6M,24.567,6,True,synthetic_scenario_generator,26006
2025-02-01,R002,Panamax,SPOT,27.59,1,True,synthetic_scenario_generator,26006
2025-02-01,R002,Panamax,MULTI_VOYAGE_3M,26.9,3,True,synthetic_scenario_generator,26006
2025-02-01,R002,Panamax,MULTI_VOYAGE_6M,26.348,6,True,synthetic_scenario_generator,26006
2025-03-01,R002,Panamax,SPOT,29.452,1,True,synthetic_scenario_generator,26006
2025-03-01,R002,Panamax,MULTI_VOYAGE_3M,28.716,3,True,synthetic_scenario_generator,26006
2025-03-01,R002,Panamax,MULTI_VOYAGE_6M,28.127,6,True,synthetic_scenario_generator,26006
2025-04-01,R002,Panamax,SPOT,28.276,1,True,synthetic_scenario_generator,26006
2025-04-01,R002,Panamax,MULTI_VOYAGE_3M,27.569,3,True,synthetic_scenario_generator,26006
2025-04-01,R002,Panamax,MULTI_VOYAGE_6M,27.004,6,True,synthetic_scenario_generator,26006
2025-05-01,R002,Panamax,SPOT,29.954,1,True,synthetic_scenario_generator,26006
2025-05-01,R002,Panamax,MULTI_VOYAGE_3M,29.205,3,True,synthetic_scenario_generator,26006
2025-05-01,R002,Panamax,MULTI_VOYAGE_6M,28.606,6,True,synthetic_scenario_generator,26006
2025-06-01,R002,Panamax,SPOT,26.766,1,True,synthetic_scenario_generator,26006
2025-06-01,R002,Panamax,MULTI_VOYAGE_3M,26.097,3,True,synthetic_scenario_generator,26006
2025-06-01,R002,Panamax,MULTI_VOYAGE_6M,25.562,6,True,synthetic_scenario_generator,26006
2025-07-01,R002,Panamax,SPOT,24.221,1,True,synthetic_scenario_generator,26006
2025-07-01,R002,Panamax,MULTI_VOYAGE_3M,23.615,3,True,synthetic_scenario_generator,26006
2025-07-01,R002,Panamax,MULTI_VOYAGE_6M,23.131,6,True,synthetic_scenario_generator,26006
2025-08-01,R002,Panamax,SPOT,25.959,1,True,synthetic_scenario_generator,26006
2025-08-01,R002,Panamax,MULTI_VOYAGE_3M,25.31,3,True,synthetic_scenario_generator,26006
2025-08-01,R002,Panamax,MULTI_VOYAGE_6M,24.791,6,True,synthetic_scenario_generator,26006
2025-09-01,R002,Panamax,SPOT,29.887,1,True,synthetic_scenario_generator,26006
2025-09-01,R002,Panamax,MULTI_VOYAGE_3M,29.14,3,True,synthetic_scenario_generator,26006
2025-09-01,R002,Panamax,MULTI_VOYAGE_6M,28.542,6,True,synthetic_scenario_generator,26006
2025-10-01,R002,Panamax,SPOT,24.514,1,True,synthetic_scenario_generator,26006
2025-10-01,R002,Panamax,MULTI_VOYAGE_3M,23.901,3,True,synthetic_scenario_generator,26006
2025-10-01,R002,Panamax,MULTI_VOYAGE_6M,23.411,6,True,synthetic_scenario_generator,26006
2025-11-01,R002,Panamax,SPOT,26.76,1,True,synthetic_scenario_generator,26006
2025-11-01,R002,Panamax,MULTI_VOYAGE_3M,26.091,3,True,synthetic_scenario_generator,26006
2025-11-01,R002,Panamax,MULTI_VOYAGE_6M,25.556,6,True,synthetic_scenario_generator,26006
2025-12-01,R002,Panamax,SPOT,27.692,1,True,synthetic_scenario_generator,26006
2025-12-01,R002,Panamax,MULTI_VOYAGE_3M,27.0,3,True,synthetic_scenario_generator,26006
2025-12-01,R002,Panamax,MULTI_VOYAGE_6M,26.446,6,True,synthetic_scenario_generator,26006
2026-01-01,R002,Panamax,SPOT,28.127,1,True,synthetic_scenario_generator,26006
2026-01-01,R002,Panamax,MULTI_VOYAGE_3M,27.424,3,True,synthetic_scenario_generator,26006
2026-01-01,R002,Panamax,MULTI_VOYAGE_6M,26.861,6,True,synthetic_scenario_generator,26006
2026-02-01,R002,Panamax,SPOT,29.506,1,True,synthetic_scenario_generator,26006
2026-02-01,R002,Panamax,MULTI_VOYAGE_3M,28.768,3,True,synthetic_scenario_generator,26006
2026-02-01,R002,Panamax,MULTI_VOYAGE_6M,28.178,6,True,synthetic_scenario_generator,26006
2026-03-01,R002,Panamax,SPOT,32.208,1,True,synthetic_scenario_generator,26006
2026-03-01,R002,Panamax,MULTI_VOYAGE_3M,31.403,3,True,synthetic_scenario_generator,26006
2026-03-01,R002,Panamax,MULTI_VOYAGE_6M,30.759,6,True,synthetic_scenario_generator,26006
2026-04-01,R002,Panamax,SPOT,29.54,1,True,synthetic_scenario_generator,26006
2026-04-01,R002,Panamax,MULTI_VOYAGE_3M,28.801,3,True,synthetic_scenario_generator,26006
2026-04-01,R002,Panamax,MULTI_VOYAGE_6M,28.211,6,True,synthetic_scenario_generator,26006
2026-05-01,R002,Panamax,SPOT,27.927,1,True,synthetic_scenario_generator,26006
2026-05-01,R002,Panamax,MULTI_VOYAGE_3M,27.229,3,True,synthetic_scenario_generator,26006
2026-05-01,R002,Panamax,MULTI_VOYAGE_6M,26.67,6,True,synthetic_scenario_generator,26006
2026-06-01,R002,Panamax,SPOT,26.751,1,True,synthetic_scenario_generator,26006
2026-06-01,R002,Panamax,MULTI_VOYAGE_3M,26.082,3,True,synthetic_scenario_generator,26006
2026-06-01,R002,Panamax,MULTI_VOYAGE_6M,25.547,6,True,synthetic_scenario_generator,26006
2026-07-01,R002,Panamax,SPOT,26.376,1,True,synthetic_scenario_generator,26006
2026-07-01,R002,Panamax,MULTI_VOYAGE_3M,25.717,3,True,synthetic_scenario_generator,26006
2026-07-01,R002,Panamax,MULTI_VOYAGE_6M,25.189,6,True,synthetic_scenario_generator,26006
2026-08-01,R002,Panamax,SPOT,25.535,1,True,synthetic_scenario_generator,26006
2026-08-01,R002,Panamax,MULTI_VOYAGE_3M,24.897,3,True,synthetic_scenario_generator,26006
2026-08-01,R002,Panamax,MULTI_VOYAGE_6M,24.386,6,True,synthetic_scenario_generator,26006
2025-01-01,R003,Kamsarmax,SPOT,26.851,1,True,synthetic_scenario_generator,26006
2025-01-01,R003,Kamsarmax,MULTI_VOYAGE_3M,26.18,3,True,synthetic_scenario_generator,26006
2025-01-01,R003,Kamsarmax,MULTI_VOYAGE_6M,25.643,6,True,synthetic_scenario_generator,26006
2025-02-01,R003,Kamsarmax,SPOT,30.149,1,True,synthetic_scenario_generator,26006
2025-02-01,R003,Kamsarmax,MULTI_VOYAGE_3M,29.395,3,True,synthetic_scenario_generator,26006
2025-02-01,R003,Kamsarmax,MULTI_VOYAGE_6M,28.792,6,True,synthetic_scenario_generator,26006
2025-03-01,R003,Kamsarmax,SPOT,30.525,1,True,synthetic_scenario_generator,26006
2025-03-01,R003,Kamsarmax,MULTI_VOYAGE_3M,29.762,3,True,synthetic_scenario_generator,26006
2025-03-01,R003,Kamsarmax,MULTI_VOYAGE_6M,29.151,6,True,synthetic_scenario_generator,26006
2025-04-01,R003,Kamsarmax,SPOT,30.932,1,True,synthetic_scenario_generator,26006
2025-04-01,R003,Kamsarmax,MULTI_VOYAGE_3M,30.159,3,True,synthetic_scenario_generator,26006
2025-04-01,R003,Kamsarmax,MULTI_VOYAGE_6M,29.54,6,True,synthetic_scenario_generator,26006
2025-05-01,R003,Kamsarmax,SPOT,28.867,1,True,synthetic_scenario_generator,26006
2025-05-01,R003,Kamsarmax,MULTI_VOYAGE_3M,28.145,3,True,synthetic_scenario_generator,26006
2025-05-01,R003,Kamsarmax,MULTI_VOYAGE_6M,27.568,6,True,synthetic_scenario_generator,26006
2025-06-01,R003,Kamsarmax,SPOT,27.955,1,True,synthetic_scenario_generator,26006
2025-06-01,R003,Kamsarmax,MULTI_VOYAGE_3M,27.256,3,True,synthetic_scenario_generator,26006
2025-06-01,R003,Kamsarmax,MULTI_VOYAGE_6M,26.697,6,True,synthetic_scenario_generator,26006
2025-07-01,R003,Kamsarmax,SPOT,23.706,1,True,synthetic_scenario_generator,26006
2025-07-01,R003,Kamsarmax,MULTI_VOYAGE_3M,23.113,3,True,synthetic_scenario_generator,26006
2025-07-01,R003,Kamsarmax,MULTI_VOYAGE_6M,22.639,6,True,synthetic_scenario_generator,26006
2025-08-01,R003,Kamsarmax,SPOT,23.499,1,True,synthetic_scenario_generator,26006
2025-08-01,R003,Kamsarmax,MULTI_VOYAGE_3M,22.912,3,True,synthetic_scenario_generator,26006
2025-08-01,R003,Kamsarmax,MULTI_VOYAGE_6M,22.442,6,True,synthetic_scenario_generator,26006
2025-09-01,R003,Kamsarmax,SPOT,28.553,1,True,synthetic_scenario_generator,26006
2025-09-01,R003,Kamsarmax,MULTI_VOYAGE_3M,27.839,3,True,synthetic_scenario_generator,26006
2025-09-01,R003,Kamsarmax,MULTI_VOYAGE_6M,27.268,6,True,synthetic_scenario_generator,26006
2025-10-01,R003,Kamsarmax,SPOT,25.819,1,True,synthetic_scenario_generator,26006
2025-10-01,R003,Kamsarmax,MULTI_VOYAGE_3M,25.174,3,True,synthetic_scenario_generator,26006
2025-10-01,R003,Kamsarmax,MULTI_VOYAGE_6M,24.657,6,True,synthetic_scenario_generator,26006
2025-11-01,R003,Kamsarmax,SPOT,26.108,1,True,synthetic_scenario_generator,26006
2025-11-01,R003,Kamsarmax,MULTI_VOYAGE_3M,25.455,3,True,synthetic_scenario_generator,26006
2025-11-01,R003,Kamsarmax,MULTI_VOYAGE_6M,24.933,6,True,synthetic_scenario_generator,26006
2025-12-01,R003,Kamsarmax,SPOT,26.233,1,True,synthetic_scenario_generator,26006
2025-12-01,R003,Kamsarmax,MULTI_VOYAGE_3M,25.577,3,True,synthetic_scenario_generator,26006
2025-12-01,R003,Kamsarmax,MULTI_VOYAGE_6M,25.053,6,True,synthetic_scenario_generator,26006
2026-01-01,R003,Kamsarmax,SPOT,27.777,1,True,synthetic_scenario_generator,26006
2026-01-01,R003,Kamsarmax,MULTI_VOYAGE_3M,27.083,3,True,synthetic_scenario_generator,26006
2026-01-01,R003,Kamsarmax,MULTI_VOYAGE_6M,26.527,6,True,synthetic_scenario_generator,26006
2026-02-01,R003,Kamsarmax,SPOT,27.494,1,True,synthetic_scenario_generator,26006
2026-02-01,R003,Kamsarmax,MULTI_VOYAGE_3M,26.807,3,True,synthetic_scenario_generator,26006
2026-02-01,R003,Kamsarmax,MULTI_VOYAGE_6M,26.257,6,True,synthetic_scenario_generator,26006
2026-03-01,R003,Kamsarmax,SPOT,31.103,1,True,synthetic_scenario_generator,26006
2026-03-01,R003,Kamsarmax,MULTI_VOYAGE_3M,30.325,3,True,synthetic_scenario_generator,26006
2026-03-01,R003,Kamsarmax,MULTI_VOYAGE_6M,29.703,6,True,synthetic_scenario_generator,26006
2026-04-01,R003,Kamsarmax,SPOT,32.711,1,True,synthetic_scenario_generator,26006
2026-04-01,R003,Kamsarmax,MULTI_VOYAGE_3M,31.893,3,True,synthetic_scenario_generator,26006
2026-04-01,R003,Kamsarmax,MULTI_VOYAGE_6M,31.239,6,True,synthetic_scenario_generator,26006
2026-05-01,R003,Kamsarmax,SPOT,30.326,1,True,synthetic_scenario_generator,26006
2026-05-01,R003,Kamsarmax,MULTI_VOYAGE_3M,29.568,3,True,synthetic_scenario_generator,26006
2026-05-01,R003,Kamsarmax,MULTI_VOYAGE_6M,28.961,6,True,synthetic_scenario_generator,26006
2026-06-01,R003,Kamsarmax,SPOT,28.319,1,True,synthetic_scenario_generator,26006
2026-06-01,R003,Kamsarmax,MULTI_VOYAGE_3M,27.611,3,True,synthetic_scenario_generator,26006
2026-06-01,R003,Kamsarmax,MULTI_VOYAGE_6M,27.045,6,True,synthetic_scenario_generator,26006
2026-07-01,R003,Kamsarmax,SPOT,26.48,1,True,synthetic_scenario_generator,26006
2026-07-01,R003,Kamsarmax,MULTI_VOYAGE_3M,25.818,3,True,synthetic_scenario_generator,26006
2026-07-01,R003,Kamsarmax,MULTI_VOYAGE_6M,25.288,6,True,synthetic_scenario_generator,26006
2026-08-01,R003,Kamsarmax,SPOT,22.833,1,True,synthetic_scenario_generator,26006
2026-08-01,R003,Kamsarmax,MULTI_VOYAGE_3M,22.262,3,True,synthetic_scenario_generator,26006
2026-08-01,R003,Kamsarmax,MULTI_VOYAGE_6M,21.806,6,True,synthetic_scenario_generator,26006
2025-01-01,R004,Capesize,SPOT,29.535,1,True,synthetic_scenario_generator,26006
2025-01-01,R004,Capesize,MULTI_VOYAGE_3M,28.797,3,True,synthetic_scenario_generator,26006
2025-01-01,R004,Capesize,MULTI_VOYAGE_6M,28.206,6,True,synthetic_scenario_generator,26006
2025-02-01,R004,Capesize,SPOT,29.855,1,True,synthetic_scenario_generator,26006
2025-02-01,R004,Capesize,MULTI_VOYAGE_3M,29.109,3,True,synthetic_scenario_generator,26006
2025-02-01,R004,Capesize,MULTI_VOYAGE_6M,28.512,6,True,synthetic_scenario_generator,26006
2025-03-01,R004,Capesize,SPOT,32.719,1,True,synthetic_scenario_generator,26006
2025-03-01,R004,Capesize,MULTI_VOYAGE_3M,31.901,3,True,synthetic_scenario_generator,26006
2025-03-01,R004,Capesize,MULTI_VOYAGE_6M,31.247,6,True,synthetic_scenario_generator,26006
2025-04-01,R004,Capesize,SPOT,33.619,1,True,synthetic_scenario_generator,26006
2025-04-01,R004,Capesize,MULTI_VOYAGE_3M,32.779,3,True,synthetic_scenario_generator,26006
2025-04-01,R004,Capesize,MULTI_VOYAGE_6M,32.106,6,True,synthetic_scenario_generator,26006
2025-05-01,R004,Capesize,SPOT,33.572,1,True,synthetic_scenario_generator,26006
2025-05-01,R004,Capesize,MULTI_VOYAGE_3M,32.733,3,True,synthetic_scenario_generator,26006
2025-05-01,R004,Capesize,MULTI_VOYAGE_6M,32.061,6,True,synthetic_scenario_generator,26006
2025-06-01,R004,Capesize,SPOT,30.175,1,True,synthetic_scenario_generator,26006
2025-06-01,R004,Capesize,MULTI_VOYAGE_3M,29.421,3,True,synthetic_scenario_generator,26006
2025-06-01,R004,Capesize,MULTI_VOYAGE_6M,28.817,6,True,synthetic_scenario_generator,26006
2025-07-01,R004,Capesize,SPOT,27.75,1,True,synthetic_scenario_generator,26006
2025-07-01,R004,Capesize,MULTI_VOYAGE_3M,27.056,3,True,synthetic_scenario_generator,26006
2025-07-01,R004,Capesize,MULTI_VOYAGE_6M,26.501,6,True,synthetic_scenario_generator,26006
2025-08-01,R004,Capesize,SPOT,25.998,1,True,synthetic_scenario_generator,26006
2025-08-01,R004,Capesize,MULTI_VOYAGE_3M,25.348,3,True,synthetic_scenario_generator,26006
2025-08-01,R004,Capesize,MULTI_VOYAGE_6M,24.828,6,True,synthetic_scenario_generator,26006
2025-09-01,R004,Capesize,SPOT,26.093,1,True,synthetic_scenario_generator,26006
2025-09-01,R004,Capesize,MULTI_VOYAGE_3M,25.441,3,True,synthetic_scenario_generator,26006
2025-09-01,R004,Capesize,MULTI_VOYAGE_6M,24.919,6,True,synthetic_scenario_generator,26006
2025-10-01,R004,Capesize,SPOT,28.813,1,True,synthetic_scenario_generator,26006
2025-10-01,R004,Capesize,MULTI_VOYAGE_3M,28.093,3,True,synthetic_scenario_generator,26006
2025-10-01,R004,Capesize,MULTI_VOYAGE_6M,27.516,6,True,synthetic_scenario_generator,26006
2025-11-01,R004,Capesize,SPOT,25.702,1,True,synthetic_scenario_generator,26006
2025-11-01,R004,Capesize,MULTI_VOYAGE_3M,25.059,3,True,synthetic_scenario_generator,26006
2025-11-01,R004,Capesize,MULTI_VOYAGE_6M,24.545,6,True,synthetic_scenario_generator,26006
2025-12-01,R004,Capesize,SPOT,31.384,1,True,synthetic_scenario_generator,26006
2025-12-01,R004,Capesize,MULTI_VOYAGE_3M,30.599,3,True,synthetic_scenario_generator,26006
2025-12-01,R004,Capesize,MULTI_VOYAGE_6M,29.972,6,True,synthetic_scenario_generator,26006
2026-01-01,R004,Capesize,SPOT,29.777,1,True,synthetic_scenario_generator,26006
2026-01-01,R004,Capesize,MULTI_VOYAGE_3M,29.033,3,True,synthetic_scenario_generator,26006
2026-01-01,R004,Capesize,MULTI_VOYAGE_6M,28.437,6,True,synthetic_scenario_generator,26006
2026-02-01,R004,Capesize,SPOT,33.249,1,True,synthetic_scenario_generator,26006
2026-02-01,R004,Capesize,MULTI_VOYAGE_3M,32.418,3,True,synthetic_scenario_generator,26006
2026-02-01,R004,Capesize,MULTI_VOYAGE_6M,31.753,6,True,synthetic_scenario_generator,26006
2026-03-01,R004,Capesize,SPOT,29.47,1,True,synthetic_scenario_generator,26006
2026-03-01,R004,Capesize,MULTI_VOYAGE_3M,28.733,3,True,synthetic_scenario_generator,26006
2026-03-01,R004,Capesize,MULTI_VOYAGE_6M,28.144,6,True,synthetic_scenario_generator,26006
2026-04-01,R004,Capesize,SPOT,31.926,1,True,synthetic_scenario_generator,26006
2026-04-01,R004,Capesize,MULTI_VOYAGE_3M,31.128,3,True,synthetic_scenario_generator,26006
2026-04-01,R004,Capesize,MULTI_VOYAGE_6M,30.489,6,True,synthetic_scenario_generator,26006
2026-05-01,R004,Capesize,SPOT,28.787,1,True,synthetic_scenario_generator,26006
2026-05-01,R004,Capesize,MULTI_VOYAGE_3M,28.067,3,True,synthetic_scenario_generator,26006
2026-05-01,R004,Capesize,MULTI_VOYAGE_6M,27.492,6,True,synthetic_scenario_generator,26006
2026-06-01,R004,Capesize,SPOT,27.27,1,True,synthetic_scenario_generator,26006
2026-06-01,R004,Capesize,MULTI_VOYAGE_3M,26.588,3,True,synthetic_scenario_generator,26006
2026-06-01,R004,Capesize,MULTI_VOYAGE_6M,26.043,6,True,synthetic_scenario_generator,26006
2026-07-01,R004,Capesize,SPOT,28.512,1,True,synthetic_scenario_generator,26006
2026-07-01,R004,Capesize,MULTI_VOYAGE_3M,27.799,3,True,synthetic_scenario_generator,26006
2026-07-01,R004,Capesize,MULTI_VOYAGE_6M,27.229,6,True,synthetic_scenario_generator,26006
2026-08-01,R004,Capesize,SPOT,29.274,1,True,synthetic_scenario_generator,26006
2026-08-01,R004,Capesize,MULTI_VOYAGE_3M,28.542,3,True,synthetic_scenario_generator,26006
2026-08-01,R004,Capesize,MULTI_VOYAGE_6M,27.957,6,True,synthetic_scenario_generator,26006
2025-01-01,R005,Panamax,SPOT,21.398,1,True,synthetic_scenario_generator,26006
2025-01-01,R005,Panamax,MULTI_VOYAGE_3M,20.863,3,True,synthetic_scenario_generator,26006
2025-01-01,R005,Panamax,MULTI_VOYAGE_6M,20.435,6,True,synthetic_scenario_generator,26006
2025-02-01,R005,Panamax,SPOT,24.194,1,True,synthetic_scenario_generator,26006
2025-02-01,R005,Panamax,MULTI_VOYAGE_3M,23.589,3,True,synthetic_scenario_generator,26006
2025-02-01,R005,Panamax,MULTI_VOYAGE_6M,23.105,6,True,synthetic_scenario_generator,26006
2025-03-01,R005,Panamax,SPOT,25.725,1,True,synthetic_scenario_generator,26006
2025-03-01,R005,Panamax,MULTI_VOYAGE_3M,25.082,3,True,synthetic_scenario_generator,26006
2025-03-01,R005,Panamax,MULTI_VOYAGE_6M,24.567,6,True,synthetic_scenario_generator,26006
2025-04-01,R005,Panamax,SPOT,23.813,1,True,synthetic_scenario_generator,26006
2025-04-01,R005,Panamax,MULTI_VOYAGE_3M,23.218,3,True,synthetic_scenario_generator,26006
2025-04-01,R005,Panamax,MULTI_VOYAGE_6M,22.741,6,True,synthetic_scenario_generator,26006
2025-05-01,R005,Panamax,SPOT,20.363,1,True,synthetic_scenario_generator,26006
2025-05-01,R005,Panamax,MULTI_VOYAGE_3M,19.854,3,True,synthetic_scenario_generator,26006
2025-05-01,R005,Panamax,MULTI_VOYAGE_6M,19.447,6,True,synthetic_scenario_generator,26006
2025-06-01,R005,Panamax,SPOT,21.404,1,True,synthetic_scenario_generator,26006
2025-06-01,R005,Panamax,MULTI_VOYAGE_3M,20.869,3,True,synthetic_scenario_generator,26006
2025-06-01,R005,Panamax,MULTI_VOYAGE_6M,20.441,6,True,synthetic_scenario_generator,26006
2025-07-01,R005,Panamax,SPOT,21.341,1,True,synthetic_scenario_generator,26006
2025-07-01,R005,Panamax,MULTI_VOYAGE_3M,20.807,3,True,synthetic_scenario_generator,26006
2025-07-01,R005,Panamax,MULTI_VOYAGE_6M,20.381,6,True,synthetic_scenario_generator,26006
2025-08-01,R005,Panamax,SPOT,20.044,1,True,synthetic_scenario_generator,26006
2025-08-01,R005,Panamax,MULTI_VOYAGE_3M,19.543,3,True,synthetic_scenario_generator,26006
2025-08-01,R005,Panamax,MULTI_VOYAGE_6M,19.142,6,True,synthetic_scenario_generator,26006
2025-09-01,R005,Panamax,SPOT,23.759,1,True,synthetic_scenario_generator,26006
2025-09-01,R005,Panamax,MULTI_VOYAGE_3M,23.165,3,True,synthetic_scenario_generator,26006
2025-09-01,R005,Panamax,MULTI_VOYAGE_6M,22.69,6,True,synthetic_scenario_generator,26006
2025-10-01,R005,Panamax,SPOT,18.508,1,True,synthetic_scenario_generator,26006
2025-10-01,R005,Panamax,MULTI_VOYAGE_3M,18.045,3,True,synthetic_scenario_generator,26006
2025-10-01,R005,Panamax,MULTI_VOYAGE_6M,17.675,6,True,synthetic_scenario_generator,26006
2025-11-01,R005,Panamax,SPOT,19.174,1,True,synthetic_scenario_generator,26006
2025-11-01,R005,Panamax,MULTI_VOYAGE_3M,18.695,3,True,synthetic_scenario_generator,26006
2025-11-01,R005,Panamax,MULTI_VOYAGE_6M,18.311,6,True,synthetic_scenario_generator,26006
2025-12-01,R005,Panamax,SPOT,19.677,1,True,synthetic_scenario_generator,26006
2025-12-01,R005,Panamax,MULTI_VOYAGE_3M,19.185,3,True,synthetic_scenario_generator,26006
2025-12-01,R005,Panamax,MULTI_VOYAGE_6M,18.792,6,True,synthetic_scenario_generator,26006
2026-01-01,R005,Panamax,SPOT,24.861,1,True,synthetic_scenario_generator,26006
2026-01-01,R005,Panamax,MULTI_VOYAGE_3M,24.239,3,True,synthetic_scenario_generator,26006
2026-01-01,R005,Panamax,MULTI_VOYAGE_6M,23.742,6,True,synthetic_scenario_generator,26006
2026-02-01,R005,Panamax,SPOT,20.967,1,True,synthetic_scenario_generator,26006
2026-02-01,R005,Panamax,MULTI_VOYAGE_3M,20.443,3,True,synthetic_scenario_generator,26006
2026-02-01,R005,Panamax,MULTI_VOYAGE_6M,20.023,6,True,synthetic_scenario_generator,26006
2026-03-01,R005,Panamax,SPOT,24.098,1,True,synthetic_scenario_generator,26006
2026-03-01,R005,Panamax,MULTI_VOYAGE_3M,23.496,3,True,synthetic_scenario_generator,26006
2026-03-01,R005,Panamax,MULTI_VOYAGE_6M,23.014,6,True,synthetic_scenario_generator,26006
2026-04-01,R005,Panamax,SPOT,28.411,1,True,synthetic_scenario_generator,26006
2026-04-01,R005,Panamax,MULTI_VOYAGE_3M,27.701,3,True,synthetic_scenario_generator,26006
2026-04-01,R005,Panamax,MULTI_VOYAGE_6M,27.133,6,True,synthetic_scenario_generator,26006
2026-05-01,R005,Panamax,SPOT,25.272,1,True,synthetic_scenario_generator,26006
2026-05-01,R005,Panamax,MULTI_VOYAGE_3M,24.64,3,True,synthetic_scenario_generator,26006
2026-05-01,R005,Panamax,MULTI_VOYAGE_6M,24.135,6,True,synthetic_scenario_generator,26006
2026-06-01,R005,Panamax,SPOT,21.051,1,True,synthetic_scenario_generator,26006
2026-06-01,R005,Panamax,MULTI_VOYAGE_3M,20.525,3,True,synthetic_scenario_generator,26006
2026-06-01,R005,Panamax,MULTI_VOYAGE_6M,20.104,6,True,synthetic_scenario_generator,26006
2026-07-01,R005,Panamax,SPOT,20.421,1,True,synthetic_scenario_generator,26006
2026-07-01,R005,Panamax,MULTI_VOYAGE_3M,19.91,3,True,synthetic_scenario_generator,26006
2026-07-01,R005,Panamax,MULTI_VOYAGE_6M,19.502,6,True,synthetic_scenario_generator,26006
2026-08-01,R005,Panamax,SPOT,21.695,1,True,synthetic_scenario_generator,26006
2026-08-01,R005,Panamax,MULTI_VOYAGE_3M,21.153,3,True,synthetic_scenario_generator,26006
2026-08-01,R005,Panamax,MULTI_VOYAGE_6M,20.719,6,True,synthetic_scenario_generator,26006
2025-01-01,R006,Panamax,SPOT,24.748,1,True,synthetic_scenario_generator,26006
2025-01-01,R006,Panamax,MULTI_VOYAGE_3M,24.129,3,True,synthetic_scenario_generator,26006
2025-01-01,R006,Panamax,MULTI_VOYAGE_6M,23.634,6,True,synthetic_scenario_generator,26006
2025-02-01,R006,Panamax,SPOT,25.472,1,True,synthetic_scenario_generator,26006
2025-02-01,R006,Panamax,MULTI_VOYAGE_3M,24.835,3,True,synthetic_scenario_generator,26006
2025-02-01,R006,Panamax,MULTI_VOYAGE_6M,24.326,6,True,synthetic_scenario_generator,26006
2025-03-01,R006,Panamax,SPOT,31.611,1,True,synthetic_scenario_generator,26006
2025-03-01,R006,Panamax,MULTI_VOYAGE_3M,30.821,3,True,synthetic_scenario_generator,26006
2025-03-01,R006,Panamax,MULTI_VOYAGE_6M,30.189,6,True,synthetic_scenario_generator,26006
2025-04-01,R006,Panamax,SPOT,29.406,1,True,synthetic_scenario_generator,26006
2025-04-01,R006,Panamax,MULTI_VOYAGE_3M,28.671,3,True,synthetic_scenario_generator,26006
2025-04-01,R006,Panamax,MULTI_VOYAGE_6M,28.083,6,True,synthetic_scenario_generator,26006
2025-05-01,R006,Panamax,SPOT,28.892,1,True,synthetic_scenario_generator,26006
2025-05-01,R006,Panamax,MULTI_VOYAGE_3M,28.17,3,True,synthetic_scenario_generator,26006
2025-05-01,R006,Panamax,MULTI_VOYAGE_6M,27.592,6,True,synthetic_scenario_generator,26006
2025-06-01,R006,Panamax,SPOT,23.982,1,True,synthetic_scenario_generator,26006
2025-06-01,R006,Panamax,MULTI_VOYAGE_3M,23.382,3,True,synthetic_scenario_generator,26006
2025-06-01,R006,Panamax,MULTI_VOYAGE_6M,22.903,6,True,synthetic_scenario_generator,26006
2025-07-01,R006,Panamax,SPOT,23.441,1,True,synthetic_scenario_generator,26006
2025-07-01,R006,Panamax,MULTI_VOYAGE_3M,22.855,3,True,synthetic_scenario_generator,26006
2025-07-01,R006,Panamax,MULTI_VOYAGE_6M,22.386,6,True,synthetic_scenario_generator,26006
2025-08-01,R006,Panamax,SPOT,25.863,1,True,synthetic_scenario_generator,26006
2025-08-01,R006,Panamax,MULTI_VOYAGE_3M,25.216,3,True,synthetic_scenario_generator,26006
2025-08-01,R006,Panamax,MULTI_VOYAGE_6M,24.699,6,True,synthetic_scenario_generator,26006
2025-09-01,R006,Panamax,SPOT,26.195,1,True,synthetic_scenario_generator,26006
2025-09-01,R006,Panamax,MULTI_VOYAGE_3M,25.54,3,True,synthetic_scenario_generator,26006
2025-09-01,R006,Panamax,MULTI_VOYAGE_6M,25.016,6,True,synthetic_scenario_generator,26006
2025-10-01,R006,Panamax,SPOT,23.775,1,True,synthetic_scenario_generator,26006
2025-10-01,R006,Panamax,MULTI_VOYAGE_3M,23.181,3,True,synthetic_scenario_generator,26006
2025-10-01,R006,Panamax,MULTI_VOYAGE_6M,22.705,6,True,synthetic_scenario_generator,26006
2025-11-01,R006,Panamax,SPOT,25.377,1,True,synthetic_scenario_generator,26006
2025-11-01,R006,Panamax,MULTI_VOYAGE_3M,24.743,3,True,synthetic_scenario_generator,26006
2025-11-01,R006,Panamax,MULTI_VOYAGE_6M,24.235,6,True,synthetic_scenario_generator,26006
2025-12-01,R006,Panamax,SPOT,26.518,1,True,synthetic_scenario_generator,26006
2025-12-01,R006,Panamax,MULTI_VOYAGE_3M,25.855,3,True,synthetic_scenario_generator,26006
2025-12-01,R006,Panamax,MULTI_VOYAGE_6M,25.325,6,True,synthetic_scenario_generator,26006
2026-01-01,R006,Panamax,SPOT,29.157,1,True,synthetic_scenario_generator,26006
2026-01-01,R006,Panamax,MULTI_VOYAGE_3M,28.428,3,True,synthetic_scenario_generator,26006
2026-01-01,R006,Panamax,MULTI_VOYAGE_6M,27.845,6,True,synthetic_scenario_generator,26006
2026-02-01,R006,Panamax,SPOT,28.809,1,True,synthetic_scenario_generator,26006
2026-02-01,R006,Panamax,MULTI_VOYAGE_3M,28.089,3,True,synthetic_scenario_generator,26006
2026-02-01,R006,Panamax,MULTI_VOYAGE_6M,27.513,6,True,synthetic_scenario_generator,26006
2026-03-01,R006,Panamax,SPOT,28.589,1,True,synthetic_scenario_generator,26006
2026-03-01,R006,Panamax,MULTI_VOYAGE_3M,27.874,3,True,synthetic_scenario_generator,26006
2026-03-01,R006,Panamax,MULTI_VOYAGE_6M,27.302,6,True,synthetic_scenario_generator,26006
2026-04-01,R006,Panamax,SPOT,26.139,1,True,synthetic_scenario_generator,26006
2026-04-01,R006,Panamax,MULTI_VOYAGE_3M,25.486,3,True,synthetic_scenario_generator,26006
2026-04-01,R006,Panamax,MULTI_VOYAGE_6M,24.963,6,True,synthetic_scenario_generator,26006
2026-05-01,R006,Panamax,SPOT,28.592,1,True,synthetic_scenario_generator,26006
2026-05-01,R006,Panamax,MULTI_VOYAGE_3M,27.877,3,True,synthetic_scenario_generator,26006
2026-05-01,R006,Panamax,MULTI_VOYAGE_6M,27.305,6,True,synthetic_scenario_generator,26006
2026-06-01,R006,Panamax,SPOT,24.199,1,True,synthetic_scenario_generator,26006
2026-06-01,R006,Panamax,MULTI_VOYAGE_3M,23.594,3,True,synthetic_scenario_generator,26006
2026-06-01,R006,Panamax,MULTI_VOYAGE_6M,23.11,6,True,synthetic_scenario_generator,26006
2026-07-01,R006,Panamax,SPOT,25.819,1,True,synthetic_scenario_generator,26006
2026-07-01,R006,Panamax,MULTI_VOYAGE_3M,25.174,3,True,synthetic_scenario_generator,26006
2026-07-01,R006,Panamax,MULTI_VOYAGE_6M,24.657,6,True,synthetic_scenario_generator,26006
2026-08-01,R006,Panamax,SPOT,26.141,1,True,synthetic_scenario_generator,26006
2026-08-01,R006,Panamax,MULTI_VOYAGE_3M,25.487,3,True,synthetic_scenario_generator,26006
2026-08-01,R006,Panamax,MULTI_VOYAGE_6M,24.965,6,True,synthetic_scenario_generator,26006
2025-01-01,R007,Supramax,SPOT,22.536,1,True,synthetic_scenario_generator,26006
2025-01-01,R007,Supramax,MULTI_VOYAGE_3M,21.973,3,True,synthetic_scenario_generator,26006
2025-01-01,R007,Supramax,MULTI_VOYAGE_6M,21.522,6,True,synthetic_scenario_generator,26006
2025-02-01,R007,Supramax,SPOT,23.858,1,True,synthetic_scenario_generator,26006
2025-02-01,R007,Supramax,MULTI_VOYAGE_3M,23.262,3,True,synthetic_scenario_generator,26006
2025-02-01,R007,Supramax,MULTI_VOYAGE_6M,22.784,6,True,synthetic_scenario_generator,26006
2025-03-01,R007,Supramax,SPOT,27.56,1,True,synthetic_scenario_generator,26006
2025-03-01,R007,Supramax,MULTI_VOYAGE_3M,26.871,3,True,synthetic_scenario_generator,26006
2025-03-01,R007,Supramax,MULTI_VOYAGE_6M,26.32,6,True,synthetic_scenario_generator,26006
2025-04-01,R007,Supramax,SPOT,26.715,1,True,synthetic_scenario_generator,26006
2025-04-01,R007,Supramax,MULTI_VOYAGE_3M,26.047,3,True,synthetic_scenario_generator,26006
2025-04-01,R007,Supramax,MULTI_VOYAGE_6M,25.513,6,True,synthetic_scenario_generator,26006
2025-05-01,R007,Supramax,SPOT,23.689,1,True,synthetic_scenario_generator,26006
2025-05-01,R007,Supramax,MULTI_VOYAGE_3M,23.097,3,True,synthetic_scenario_generator,26006
2025-05-01,R007,Supramax,MULTI_VOYAGE_6M,22.623,6,True,synthetic_scenario_generator,26006
2025-06-01,R007,Supramax,SPOT,24.17,1,True,synthetic_scenario_generator,26006
2025-06-01,R007,Supramax,MULTI_VOYAGE_3M,23.566,3,True,synthetic_scenario_generator,26006
2025-06-01,R007,Supramax,MULTI_VOYAGE_6M,23.082,6,True,synthetic_scenario_generator,26006
2025-07-01,R007,Supramax,SPOT,22.967,1,True,synthetic_scenario_generator,26006
2025-07-01,R007,Supramax,MULTI_VOYAGE_3M,22.393,3,True,synthetic_scenario_generator,26006
2025-07-01,R007,Supramax,MULTI_VOYAGE_6M,21.933,6,True,synthetic_scenario_generator,26006
2025-08-01,R007,Supramax,SPOT,22.741,1,True,synthetic_scenario_generator,26006
2025-08-01,R007,Supramax,MULTI_VOYAGE_3M,22.172,3,True,synthetic_scenario_generator,26006
2025-08-01,R007,Supramax,MULTI_VOYAGE_6M,21.718,6,True,synthetic_scenario_generator,26006
2025-09-01,R007,Supramax,SPOT,25.752,1,True,synthetic_scenario_generator,26006
2025-09-01,R007,Supramax,MULTI_VOYAGE_3M,25.108,3,True,synthetic_scenario_generator,26006
2025-09-01,R007,Supramax,MULTI_VOYAGE_6M,24.593,6,True,synthetic_scenario_generator,26006
2025-10-01,R007,Supramax,SPOT,22.609,1,True,synthetic_scenario_generator,26006
2025-10-01,R007,Supramax,MULTI_VOYAGE_3M,22.044,3,True,synthetic_scenario_generator,26006
2025-10-01,R007,Supramax,MULTI_VOYAGE_6M,21.592,6,True,synthetic_scenario_generator,26006
2025-11-01,R007,Supramax,SPOT,22.94,1,True,synthetic_scenario_generator,26006
2025-11-01,R007,Supramax,MULTI_VOYAGE_3M,22.367,3,True,synthetic_scenario_generator,26006
2025-11-01,R007,Supramax,MULTI_VOYAGE_6M,21.908,6,True,synthetic_scenario_generator,26006
2025-12-01,R007,Supramax,SPOT,24.443,1,True,synthetic_scenario_generator,26006
2025-12-01,R007,Supramax,MULTI_VOYAGE_3M,23.832,3,True,synthetic_scenario_generator,26006
2025-12-01,R007,Supramax,MULTI_VOYAGE_6M,23.343,6,True,synthetic_scenario_generator,26006
2026-01-01,R007,Supramax,SPOT,21.864,1,True,synthetic_scenario_generator,26006
2026-01-01,R007,Supramax,MULTI_VOYAGE_3M,21.317,3,True,synthetic_scenario_generator,26006
2026-01-01,R007,Supramax,MULTI_VOYAGE_6M,20.88,6,True,synthetic_scenario_generator,26006
2026-02-01,R007,Supramax,SPOT,25.463,1,True,synthetic_scenario_generator,26006
2026-02-01,R007,Supramax,MULTI_VOYAGE_3M,24.826,3,True,synthetic_scenario_generator,26006
2026-02-01,R007,Supramax,MULTI_VOYAGE_6M,24.317,6,True,synthetic_scenario_generator,26006
2026-03-01,R007,Supramax,SPOT,29.245,1,True,synthetic_scenario_generator,26006
2026-03-01,R007,Supramax,MULTI_VOYAGE_3M,28.514,3,True,synthetic_scenario_generator,26006
2026-03-01,R007,Supramax,MULTI_VOYAGE_6M,27.929,6,True,synthetic_scenario_generator,26006
2026-04-01,R007,Supramax,SPOT,29.606,1,True,synthetic_scenario_generator,26006
2026-04-01,R007,Supramax,MULTI_VOYAGE_3M,28.866,3,True,synthetic_scenario_generator,26006
2026-04-01,R007,Supramax,MULTI_VOYAGE_6M,28.274,6,True,synthetic_scenario_generator,26006
2026-05-01,R007,Supramax,SPOT,27.329,1,True,synthetic_scenario_generator,26006
2026-05-01,R007,Supramax,MULTI_VOYAGE_3M,26.646,3,True,synthetic_scenario_generator,26006
2026-05-01,R007,Supramax,MULTI_VOYAGE_6M,26.099,6,True,synthetic_scenario_generator,26006
2026-06-01,R007,Supramax,SPOT,23.083,1,True,synthetic_scenario_generator,26006
2026-06-01,R007,Supramax,MULTI_VOYAGE_3M,22.506,3,True,synthetic_scenario_generator,26006
2026-06-01,R007,Supramax,MULTI_VOYAGE_6M,22.044,6,True,synthetic_scenario_generator,26006
2026-07-01,R007,Supramax,SPOT,23.931,1,True,synthetic_scenario_generator,26006
2026-07-01,R007,Supramax,MULTI_VOYAGE_3M,23.333,3,True,synthetic_scenario_generator,26006
2026-07-01,R007,Supramax,MULTI_VOYAGE_6M,22.854,6,True,synthetic_scenario_generator,26006
2026-08-01,R007,Supramax,SPOT,26.338,1,True,synthetic_scenario_generator,26006
2026-08-01,R007,Supramax,MULTI_VOYAGE_3M,25.68,3,True,synthetic_scenario_generator,26006
2026-08-01,R007,Supramax,MULTI_VOYAGE_6M,25.153,6,True,synthetic_scenario_generator,26006
2025-01-01,R008,Capesize,SPOT,41.147,1,True,synthetic_scenario_generator,26006
2025-01-01,R008,Capesize,MULTI_VOYAGE_3M,40.118,3,True,synthetic_scenario_generator,26006
2025-01-01,R008,Capesize,MULTI_VOYAGE_6M,39.295,6,True,synthetic_scenario_generator,26006
2025-02-01,R008,Capesize,SPOT,44.769,1,True,synthetic_scenario_generator,26006
2025-02-01,R008,Capesize,MULTI_VOYAGE_3M,43.65,3,True,synthetic_scenario_generator,26006
2025-02-01,R008,Capesize,MULTI_VOYAGE_6M,42.754,6,True,synthetic_scenario_generator,26006
2025-03-01,R008,Capesize,SPOT,43.579,1,True,synthetic_scenario_generator,26006
2025-03-01,R008,Capesize,MULTI_VOYAGE_3M,42.49,3,True,synthetic_scenario_generator,26006
2025-03-01,R008,Capesize,MULTI_VOYAGE_6M,41.618,6,True,synthetic_scenario_generator,26006
2025-04-01,R008,Capesize,SPOT,47.392,1,True,synthetic_scenario_generator,26006
2025-04-01,R008,Capesize,MULTI_VOYAGE_3M,46.207,3,True,synthetic_scenario_generator,26006
2025-04-01,R008,Capesize,MULTI_VOYAGE_6M,45.259,6,True,synthetic_scenario_generator,26006
2025-05-01,R008,Capesize,SPOT,43.198,1,True,synthetic_scenario_generator,26006
2025-05-01,R008,Capesize,MULTI_VOYAGE_3M,42.118,3,True,synthetic_scenario_generator,26006
2025-05-01,R008,Capesize,MULTI_VOYAGE_6M,41.254,6,True,synthetic_scenario_generator,26006
2025-06-01,R008,Capesize,SPOT,42.349,1,True,synthetic_scenario_generator,26006
2025-06-01,R008,Capesize,MULTI_VOYAGE_3M,41.29,3,True,synthetic_scenario_generator,26006
2025-06-01,R008,Capesize,MULTI_VOYAGE_6M,40.443,6,True,synthetic_scenario_generator,26006
2025-07-01,R008,Capesize,SPOT,44.921,1,True,synthetic_scenario_generator,26006
2025-07-01,R008,Capesize,MULTI_VOYAGE_3M,43.798,3,True,synthetic_scenario_generator,26006
2025-07-01,R008,Capesize,MULTI_VOYAGE_6M,42.9,6,True,synthetic_scenario_generator,26006
2025-08-01,R008,Capesize,SPOT,39.743,1,True,synthetic_scenario_generator,26006
2025-08-01,R008,Capesize,MULTI_VOYAGE_3M,38.749,3,True,synthetic_scenario_generator,26006
2025-08-01,R008,Capesize,MULTI_VOYAGE_6M,37.955,6,True,synthetic_scenario_generator,26006
2025-09-01,R008,Capesize,SPOT,42.392,1,True,synthetic_scenario_generator,26006
2025-09-01,R008,Capesize,MULTI_VOYAGE_3M,41.332,3,True,synthetic_scenario_generator,26006
2025-09-01,R008,Capesize,MULTI_VOYAGE_6M,40.484,6,True,synthetic_scenario_generator,26006
2025-10-01,R008,Capesize,SPOT,42.46,1,True,synthetic_scenario_generator,26006
2025-10-01,R008,Capesize,MULTI_VOYAGE_3M,41.398,3,True,synthetic_scenario_generator,26006
2025-10-01,R008,Capesize,MULTI_VOYAGE_6M,40.549,6,True,synthetic_scenario_generator,26006
2025-11-01,R008,Capesize,SPOT,39.889,1,True,synthetic_scenario_generator,26006
2025-11-01,R008,Capesize,MULTI_VOYAGE_3M,38.892,3,True,synthetic_scenario_generator,26006
2025-11-01,R008,Capesize,MULTI_VOYAGE_6M,38.094,6,True,synthetic_scenario_generator,26006
2025-12-01,R008,Capesize,SPOT,43.709,1,True,synthetic_scenario_generator,26006
2025-12-01,R008,Capesize,MULTI_VOYAGE_3M,42.616,3,True,synthetic_scenario_generator,26006
2025-12-01,R008,Capesize,MULTI_VOYAGE_6M,41.742,6,True,synthetic_scenario_generator,26006
2026-01-01,R008,Capesize,SPOT,45.338,1,True,synthetic_scenario_generator,26006
2026-01-01,R008,Capesize,MULTI_VOYAGE_3M,44.205,3,True,synthetic_scenario_generator,26006
2026-01-01,R008,Capesize,MULTI_VOYAGE_6M,43.298,6,True,synthetic_scenario_generator,26006
2026-02-01,R008,Capesize,SPOT,44.935,1,True,synthetic_scenario_generator,26006
2026-02-01,R008,Capesize,MULTI_VOYAGE_3M,43.812,3,True,synthetic_scenario_generator,26006
2026-02-01,R008,Capesize,MULTI_VOYAGE_6M,42.913,6,True,synthetic_scenario_generator,26006
2026-03-01,R008,Capesize,SPOT,47.426,1,True,synthetic_scenario_generator,26006
2026-03-01,R008,Capesize,MULTI_VOYAGE_3M,46.24,3,True,synthetic_scenario_generator,26006
2026-03-01,R008,Capesize,MULTI_VOYAGE_6M,45.292,6,True,synthetic_scenario_generator,26006
2026-04-01,R008,Capesize,SPOT,47.293,1,True,synthetic_scenario_generator,26006
2026-04-01,R008,Capesize,MULTI_VOYAGE_3M,46.111,3,True,synthetic_scenario_generator,26006
2026-04-01,R008,Capesize,MULTI_VOYAGE_6M,45.165,6,True,synthetic_scenario_generator,26006
2026-05-01,R008,Capesize,SPOT,44.294,1,True,synthetic_scenario_generator,26006
2026-05-01,R008,Capesize,MULTI_VOYAGE_3M,43.187,3,True,synthetic_scenario_generator,26006
2026-05-01,R008,Capesize,MULTI_VOYAGE_6M,42.301,6,True,synthetic_scenario_generator,26006
2026-06-01,R008,Capesize,SPOT,44.122,1,True,synthetic_scenario_generator,26006
2026-06-01,R008,Capesize,MULTI_VOYAGE_3M,43.019,3,True,synthetic_scenario_generator,26006
2026-06-01,R008,Capesize,MULTI_VOYAGE_6M,42.137,6,True,synthetic_scenario_generator,26006
2026-07-01,R008,Capesize,SPOT,40.611,1,True,synthetic_scenario_generator,26006
2026-07-01,R008,Capesize,MULTI_VOYAGE_3M,39.596,3,True,synthetic_scenario_generator,26006
2026-07-01,R008,Capesize,MULTI_VOYAGE_6M,38.784,6,True,synthetic_scenario_generator,26006
2026-08-01,R008,Capesize,SPOT,41.935,1,True,synthetic_scenario_generator,26006
2026-08-01,R008,Capesize,MULTI_VOYAGE_3M,40.887,3,True,synthetic_scenario_generator,26006
2026-08-01,R008,Capesize,MULTI_VOYAGE_6M,40.048,6,True,synthetic_scenario_generator,26006
