month,route_id,commodity,quantity_mt,trade_flow,is_synthetic,source_origin,synthetic_seed
2020-01-01,R001,Coking Coal,90882.0,IMPORT_TO_INDIA,True,synthetic_scenario_generator,26006
2020-02-01,R001,Coking Coal,108102.0,IMPORT_TO_INDIA,True,synthetic_scenario_generator,26006
2020-03-01,R001,Coking Coal,87418.0,IMPORT_TO_INDIA,True,synthetic_scenario_generator,26006
2020-04-01,R001,Coking Coal,92154.0,IMPORT_TO_INDIA,True,synthetic_scenario_generator,26006
2020-05-01,R001,Coking Coal,123210.0,IMPORT_TO_INDIA,True,synthetic_scenario_generator,26006
2020-06-01,R001,Coking Coal,76437.0,IMPORT_TO_INDIA,True,synthetic_scenario_generator,26006
2020-07-01,R001,Coking Coal,92256.0,IMPORT_TO_INDIA,True,synthetic_scenario_generator,26006
2020-08-01,R001,Coking Coal,85911.0,IMPORT_TO_INDIA,True,synthetic_scenario_generator,26006
2020-09-01,R001,Coking Coal,83314.0,IMPORT_TO_INDIA,True,synthetic_scenario_generator,26006
2020-10-01,R001,Coking Coal,61184.0,IMPORT_TO_INDIA,True,synthetic_scenario_generator,26006
2020-11-01,R001,Coking Coal,69747.0,IMPORT_TO_INDIA,True,synthetic_scenario_generator,26006
2020-12-01,R001,Coking Coal,85936.0,IMPORT_TO_INDIA,True,synthetic_scenario_generator,26006
2021-01-01,R001,Coking Coal,96698.0,IMPORT_TO_INDIA,True,synthetic_scenario_generator,26006
2021-02-01,R001,Coking Coal,93049.0,IMPORT_TO_INDIA,True,synthetic_scenario_generator,26006
2021-03-01,R001,Coking Coal,105529.0,IMPORT_TO_INDIA,True,synthetic_scenario_generator,26006
2021-04-01,R001,Coking Coal,145858.0,IMPORT_TO_INDIA,True,synthetic_scenario_generator,26006
2021-05-01,R001,Coking Coal,115996.0,IMPORT_TO_INDIA,True,synthetic_scenario_generator,26006
2021-06-01,R001,Coking Coal,93238.0,IMPORT_TO_INDIA,True,synthetic_scenario_generator,26006
2021-07-01,R001,Coking Coal,85653.0,IMPORT_TO_INDIA,True,synthetic_scenario_generator,26006
2021-08-01,R001,Coking Coal,65703.0,IMPORT_TO_INDIA,True,synthetic_scenario_generator,26006
2021-09-01,R001,Coking Coal,61269.0,IMPORT_TO_INDIA,True,synthetic_scenario_generator,26006
2021-10-01,R001,Coking Coal,61978.0,IMPORT_TO_INDIA,True,synthetic_scenario_generator,26006
2021-11-01,R001,Coking Coal,67120.0,IMPORT_TO_INDIA,True,synthetic_scenario_generator,26006
2021-12-01,R001,Coking Coal,57115.0,IMPORT_TO_INDIA,True,synthetic_scenario_generator,26006
2022-01-01,R001,Coking Coal,97810.0,IMPORT_TO_INDIA,True,synthetic_scenario_generator,26006
2022-02-01,R001,Coking Coal,108798.0,IMPORT_TO_INDIA,True,synthetic_scenario_generator,26006
2022-03-01,R001,Coking Coal,111565.0,IMPORT_TO_INDIA,True,synthetic_scenario_generator,26006
2022-04-01,R001,Coking Coal,110304.0,IMPORT_TO_INDIA,True,synthetic_scenario_generator,26006
2022-05-01,R001,Coking Coal,122490.0,IMPORT_TO_INDIA,True,synthetic_scenario_generator,26006
2022-06-01,R001,Coking Coal,88923.0,IMPORT_TO_INDIA,True,synthetic_scenario_generator,26006
2022-07-01,R001,Coking Coal,100695.0,IMPORT_TO_INDIA,True,synthetic_scenario_generator,26006
2022-08-01,R001,Coking Coal,77445.0,IMPORT_TO_INDIA,True,synthetic_scenario_generator,26006
2022-09-01,R001,Coking Coal,53270.0,IMPORT_TO_INDIA,True,synthetic_scenario_generator,26006
2022-10-01,R001,Coking Coal,61212.0,IMPORT_TO_INDIA,True,synthetic_scenario_generator,26006
2022-11-01,R001,Coking Coal,63229.0,IMPORT_TO_INDIA,True,synthetic_scenario_generator,26006
2022-12-01,R001,Coking Coal,90016.0,IMPORT_TO_INDIA,True,synthetic_scenario_generator,26006
2023-01-01,R001,Coking Coal,84735.0,IMPORT_TO_INDIA,True,synthetic_scenario_generator,26006
2023-02-01,R001,Coking Coal,91742.0,IMPORT_TO_INDIA,True,synthetic_scenario_generator,26006
2023-03-01,R001,Coking Coal,119810.0,IMPORT_TO_INDIA,True,synthetic_scenario_generator,26006
2023-04-01,R001,Coking Coal,120817.0,IMPORT_TO_INDIA,True,synthetic_scenario_generator,26006
2023-05-01,R001,Coking Coal,91323.0,IMPORT_TO_INDIA,True,synthetic_scenario_generator,26006
2023-06-01,R001,Coking Coal,92282.0,IMPORT_TO_INDIA,True,synthetic_scenario_generator,26006
2023-07-01,R001,Coking Coal,82100.0,IMPORT_TO_INDIA,True,synthetic_scenario_generator,26006
2023-08-01,R001,Coking Coal,68184.0,IMPORT_TO_INDIA,True,synthetic_scenario_generator,26006
2023-09-01,R001,Coking Coal,94229.0,IMPORT_TO_INDIA,True,synthetic_scenario_generator,26006
2023-10-01,R001,Coking Coal,74861.0,IMPORT_TO_INDIA,True,synthetic_scenario_generator,26006
2023-11-01,R001,Coking Coal,66331.0,IMPORT_TO_INDIA,True,synthetic_scenario_generator,26006
2023-12-01,R001,Coking Coal,61971.0,IMPORT_TO_INDIA,True,synthetic_scenario_generator,26006
2024-01-01,R001,Coking Coal,96402.0,IMPORT_TO_INDIA,True,synthetic_scenario_generator,26006
2024-02-01,R001,Coking Coal,122449.0,IMPORT_TO_INDIA,True,synthetic_scenario_generator,26006
2024-03-01,R001,Coking Coal,95970.0,IMPORT_TO_INDIA,True,synthetic_scenario_generator,26006
2024-04-01,R001,Coking Coal,108573.0,IMPORT_TO_INDIA,True,synthetic_scenario_generator,26006
2024-05-01,R001,Coking Coal,104224.0,IMPORT_TO_INDIA,True,synthetic_scenario_generator,26006
2024-06-01,R001,Coking Coal,105119.0,IMPORT_TO_INDIA,True,synthetic_scenario_generator,26006
2024-07-01,R001,Coking Coal,88719.0,IMPORT_TO_INDIA,True,synthetic_scenario_generator,26006
2024-08-01,R001,Coking Coal,71118.0,IMPORT_TO_INDIA,True,synthetic_scenario_generator,26006
2024-09-01,R001,Coking Coal,56488.0,IMPORT_TO_INDIA,True,synthetic_scenario_generator,26006
2024-10-01,R001,Coking Coal,66325.0,IMPORT_TO_INDIA,True,synthetic_scenario_generator,26006
2024-11-01,R001,Coking Coal,74314.0,IMPORT_TO_INDIA,True,synthetic_scenario_generator,26006
2024-12-01,R001,Coking Coal,73683.0,IMPORT_TO_INDIA,True,synthetic_scenario_generator,26006
2025-01-01,R001,Coking Coal,83850.0,IMPORT_TO_INDIA,True,synthetic_scenario_generator,26006
2025-02-01,R001,Coking Coal,97217.0,IMPORT_TO_INDIA,True,synthetic_scenario_generator,26006
2025-03-01,R001,Coking Coal,112018.0,IMPORT_TO_INDIA,True,synthetic_scenario_generator,26006
2025-04-01,R001,Coking Coal,117311.0,IMPORT_TO_INDIA,True,synthetic_scenario_generator,26006
2025-05-01,R001,Coking Coal,92538.0,IMPORT_TO_INDIA,True,synthetic_scenario_generator,26006
2025-06-01,R001,Coking Coal,99596.0,IMPORT_TO_INDIA,True,synthetic_scenario_generator,26006
2025-07-01,R001,Coking Coal,87972.0,IMPORT_TO_INDIA,True,synthetic_scenario_generator,26006
2025-08-01,R001,Coking Coal,76775.0,IMPORT_TO_INDIA,True,synthetic_scenario_generator,26006
2025-09-01,R001,Coking Coal,77003.0,IMPORT_TO_INDIA,True,synthetic_scenario_generator,26006
2025-10-01,R001,Coking Coal,75712.0,IMPORT_TO_INDIA,True,synthetic_scenario_generator,26006
2025-11-01,R001,Coking Coal,78918.0,IMPORT_TO_INDIA,True,synthetic_scenario_generator,26006
2025-12-01,R001,Coking Coal,85603.0,IMPORT_TO_INDIA,True,synthetic_scenario_generator,26006
2026-01-01,R001,Coking Coal,97886.0,IMPORT_TO_INDIA,True,synthetic_scenario_generator,26006
2026-02-01,R001,Coking Coal,95530.0,IMPORT_TO_INDIA,True,synthetic_scenario_generator,26006
2026-03-01,R001,Coking Coal,110740.0,IMPORT_TO_INDIA,True,synthetic_scenario_generator,26006
2026-04-01,R001,Coking Coal,141362.0,IMPORT_TO_INDIA,True,synthetic_scenario_generator,26006
2026-05-01,R001,Coking Coal,97105.0,IMPORT_TO_INDIA,True,synthetic_scenario_generator,26006
2026-06-01,R001,Coking Coal,101824.0,IMPORT_TO_INDIA,True,synthetic_scenario_generator,26006
2026-07-01,R001,Coking Coal,56635.0,IMPORT_TO_INDIA,True,synthetic_scenario_generator,26006
2026-08-01,R001,Coking Coal,94928.0,IMPORT_TO_INDIA,True,synthetic_scenario_generator,26006
2020-01-01,R002,Coking Coal,93673.0,IMPORT_TO_INDIA,True,synthetic_scenario_generator,26006
2020-02-01,R002,Coking Coal,99350.0,IMPORT_TO_INDIA,True,synthetic_scenario_generator,26006
2020-03-01,R002,Coking Coal,106535.0,IMPORT_TO_INDIA,True,synthetic_scenario_generator,26006
2020-04-01,R002,Coking Coal,100353.0,IMPORT_TO_INDIA,True,synthetic_scenario_generator,26006
2020-05-01,R002,Coking Coal,88001.0,IMPORT_TO_INDIA,True,synthetic_scenario_generator,26006
2020-06-01,R002,Coking Coal,105740.0,IMPORT_TO_INDIA,True,synthetic_scenario_generator,26006
2020-07-01,R002,Coking Coal,88930.0,IMPORT_TO_INDIA,True,synthetic_scenario_generator,26006
2020-08-01,R002,Coking Coal,68903.0,IMPORT_TO_INDIA,True,synthetic_scenario_generator,26006
2020-09-01,R002,Coking Coal,50104.0,IMPORT_TO_INDIA,True,synthetic_scenario_generator,26006
2020-10-01,R002,Coking Coal,72385.0,IMPORT_TO_INDIA,True,synthetic_scenario_generator,26006
2020-11-01,R002,Coking Coal,93789.0,IMPORT_TO_INDIA,True,synthetic_scenario_generator,26006
2020-12-01,R002,Coking Coal,82978.0,IMPORT_TO_INDIA,True,synthetic_scenario_generator,26006
2021-01-01,R002,Coking Coal,107793.0,IMPORT_TO_INDIA,True,synthetic_scenario_generator,26006
2021-02-01,R002,Coking Coal,102763.0,IMPORT_TO_INDIA,True,synthetic_scenario_generator,26006
2021-03-01,R002,Coking Coal,134254.0,IMPORT_TO_INDIA,True,synthetic_scenario_generator,26006
2021-04-01,R002,Coking Coal,122269.0,IMPORT_TO_INDIA,True,synthetic_scenario_generator,26006
2021-05-01,R002,Coking Coal,107641.0,IMPORT_TO_INDIA,True,synthetic_scenario_generator,26006
2021-06-01,R002,Coking Coal,77249.0,IMPORT_TO_INDIA,True,synthetic_scenario_generator,26006
2021-07-01,R002,Coking Coal,61454.0,IMPORT_TO_INDIA,True,synthetic_scenario_generator,26006
2021-08-01,R002,Coking Coal,50693.0,IMPORT_TO_INDIA,True,synthetic_scenario_generator,26006
2021-09-01,R002,Coking Coal,44452.0,IMPORT_TO_INDIA,True,synthetic_scenario_generator,26006
2021-10-01,R002,Coking Coal,74638.0,IMPORT_TO_INDIA,True,synthetic_scenario_generator,26006
2021-11-01,R002,Coking Coal,75364.0,IMPORT_TO_INDIA,True,synthetic_scenario_generator,26006
2021-12-01,R002,Coking Coal,84564.0,IMPORT_TO_INDIA,True,synthetic_scenario_generator,26006
2022-01-01,R002,Coking Coal,105269.0,IMPORT_TO_INDIA,True,synthetic_scenario_generator,26006
2022-02-01,R002,Coking Coal,126246.0,IMPORT_TO_INDIA,True,synthetic_scenario_generator,26006
2022-03-01,R002,Coking Coal,103957.0,IMPORT_TO_INDIA,True,synthetic_scenario_generator,26006
2022-04-01,R002,Coking Coal,110770.0,IMPORT_TO_INDIA,True,synthetic_scenario_generator,26006
2022-05-01,R002,Coking Coal,102479.0,IMPORT_TO_INDIA,True,synthetic_scenario_generator,26006
2022-06-01,R002,Coking Coal,91043.0,IMPORT_TO_INDIA,True,synthetic_scenario_generator,26006
2022-07-01,R002,Coking Coal,89711.0,IMPORT_TO_INDIA,True,synthetic_scenario_generator,26006
2022-08-01,R002,Coking Coal,56841.0,IMPORT_TO_INDIA,True,synthetic_scenario_generator,26006
2022-09-01,R002,Coking Coal,46370.0,IMPORT_TO_INDIA,True,synthetic_scenario_generator,26006
2022-10-01,R002,Coking Coal,65414.0,IMPORT_TO_INDIA,True,synthetic_scenario_generator,26006
2022-11-01,R002,Coking Coal,90889.0,IMPORT_TO_INDIA,True,synthetic_scenario_generator,26006
2022-12-01,R002,Coking Coal,92718.0,IMPORT_TO_INDIA,True,synthetic_scenario_generator,26006
2023-01-01,R002,Coking Coal,120557.0,IMPORT_TO_INDIA,True,synthetic_scenario_generator,26006
2023-02-01,R002,Coking Coal,93797.0,IMPORT_TO_INDIA,True,synthetic_scenario_generator,26006
2023-03-01,R002,Coking Coal,106776.0,IMPORT_TO_INDIA,True,synthetic_scenario_generator,26006
2023-04-01,R002,Coking Coal,108644.0,IMPORT_TO_INDIA,True,synthetic_scenario_generator,26006
2023-05-01,R002,Coking Coal,100982.0,IMPORT_TO_INDIA,True,synthetic_scenario_generator,26006
2023-06-01,R002,Coking Coal,100428.0,IMPORT_TO_INDIA,True,synthetic_scenario_generator,26006
2023-07-01,R002,Coking Coal,83721.0,IMPORT_TO_INDIA,True,synthetic_scenario_generator,26006
2023-08-01,R002,Coking Coal,67494.0,IMPORT_TO_INDIA,True,synthetic_scenario_generator,26006
2023-09-01,R002,Coking Coal,48010.0,IMPORT_TO_INDIA,True,synthetic_scenario_generator,26006
2023-10-01,R002,Coking Coal,42468.0,IMPORT_TO_INDIA,True,synthetic_scenario_generator,26006
2023-11-01,R002,Coking Coal,67156.0,IMPORT_TO_INDIA,True,synthetic_scenario_generator,26006
2023-12-01,R002,Coking Coal,78144.0,IMPORT_TO_INDIA,True,synthetic_scenario_generator,26006
2024-01-01,R002,Coking Coal,107023.0,IMPORT_TO_INDIA,True,synthetic_scenario_generator,26006
2024-02-01,R002,Coking Coal,130992.0,IMPORT_TO_INDIA,True,synthetic_scenario_generator,26006
2024-03-01,R002,Coking Coal,131549.0,IMPORT_TO_INDIA,True,synthetic_scenario_generator,26006
2024-04-01,R002,Coking Coal,104604.0,IMPORT_TO_INDIA,True,synthetic_scenario_generator,26006
2024-05-01,R002,Coking Coal,136733.0,IMPORT_TO_INDIA,True,synthetic_scenario_generator,26006
2024-06-01,R002,Coking Coal,68900.0,IMPORT_TO_INDIA,True,synthetic_scenario_generator,26006
2024-07-01,R002,Coking Coal,82642.0,IMPORT_TO_INDIA,True,synthetic_scenario_generator,26006
2024-08-01,R002,Coking Coal,45314.0,IMPORT_TO_INDIA,True,synthetic_scenario_generator,26006
2024-09-01,R002,Coking Coal,73627.0,IMPORT_TO_INDIA,True,synthetic_scenario_generator,26006
2024-10-01,R002,Coking Coal,63909.0,IMPORT_TO_INDIA,True,synthetic_scenario_generator,26006
2024-11-01,R002,Coking Coal,80362.0,IMPORT_TO_INDIA,True,synthetic_scenario_generator,26006
2024-12-01,R002,Coking Coal,93063.0,IMPORT_TO_INDIA,True,synthetic_scenario_generator,26006
2025-01-01,R002,Coking Coal,106537.0,IMPORT_TO_INDIA,True,synthetic_scenario_generator,26006
2025-02-01,R002,Coking Coal,103516.0,IMPORT_TO_INDIA,True,synthetic_scenario_generator,26006
2025-03-01,R002,Coking Coal,116178.0,IMPORT_TO_INDIA,True,synthetic_scenario_generator,26006
2025-04-01,R002,Coking Coal,125532.0,IMPORT_TO_INDIA,True,synthetic_scenario_generator,26006
2025-05-01,R002,Coking Coal,85853.0,IMPORT_TO_INDIA,True,synthetic_scenario_generator,26006
2025-06-01,R002,Coking Coal,83327.0,IMPORT_TO_INDIA,True,synthetic_scenario_generator,26006
2025-07-01,R002,Coking Coal,87027.0,IMPORT_TO_INDIA,True,synthetic_scenario_generator,26006
2025-08-01,R002,Coking Coal,72221.0,IMPORT_TO_INDIA,True,synthetic_scenario_generator,26006
2025-09-01,R002,Coking Coal,63539.0,IMPORT_TO_INDIA,True,synthetic_scenario_generator,26006
2025-10-01,R002,Coking Coal,61069.0,IMPORT_TO_INDIA,True,synthetic_scenario_generator,26006
2025-11-01,R002,Coking Coal,84039.0,IMPORT_TO_INDIA,True,synthetic_scenario_generator,26006
2025-12-01,R002,Coking Coal,97133.0,IMPORT_TO_INDIA,True,synthetic_scenario_generator,26006
2026-01-01,R002,Coking Coal,93253.0,IMPORT_TO_INDIA,True,synthetic_scenario_generator,26006
2026-02-01,R002,Coking Coal,126648.0,IMPORT_TO_INDIA,True,synthetic_scenario_generator,26006
2026-03-01,R002,Coking Coal,138451.0,IMPORT_TO_INDIA,True,synthetic_scenario_generator,26006
2026-04-01,R002,Coking Coal,94676.0,IMPORT_TO_INDIA,True,synthetic_scenario_generator,26006
2026-05-01,R002,Coking Coal,94598.0,IMPORT_TO_INDIA,True,synthetic_scenario_generator,26006
2026-06-01,R002,Coking Coal,102324.0,IMPORT_TO_INDIA,True,synthetic_scenario_generator,26006
2026-07-01,R002,Coking Coal,73804.0,IMPORT_TO_INDIA,True,synthetic_scenario_generator,26006
2026-08-01,R002,Coking Coal,65370.0,IMPORT_TO_INDIA,True,synthetic_scenario_generator,26006
2020-01-01,R003,Coking Coal,85045.0,IMPORT_TO_INDIA,True,synthetic_scenario_generator,26006
2020-02-01,R003,Coking Coal,101631.0,IMPORT_TO_INDIA,True,synthetic_scenario_generator,26006
2020-03-01,R003,Coking Coal,110366.0,IMPORT_TO_INDIA,True,synthetic_scenario_generator,26006
2020-04-01,R003,Coking Coal,107928.0,IMPORT_TO_INDIA,True,synthetic_scenario_generator,26006
2020-05-01,R003,Coking Coal,111359.0,IMPORT_TO_INDIA,True,synthetic_scenario_generator,26006
2020-06-01,R003,Coking Coal,93705.0,IMPORT_TO_INDIA,True,synthetic_scenario_generator,26006
2020-07-01,R003,Coking Coal,81561.0,IMPORT_TO_INDIA,True,synthetic_scenario_generator,26006
2020-08-01,R003,Coking Coal,73765.0,IMPORT_TO_INDIA,True,synthetic_scenario_generator,26006
2020-09-01,R003,Coking Coal,46482.0,IMPORT_TO_INDIA,True,synthetic_scenario_generator,26006
2020-10-01,R003,Coking Coal,72593.0,IMPORT_TO_INDIA,True,synthetic_scenario_generator,26006
2020-11-01,R003,Coking Coal,113768.0,IMPORT_TO_INDIA,True,synthetic_scenario_generator,26006
2020-12-01,R003,Coking Coal,76055.0,IMPORT_TO_INDIA,True,synthetic_scenario_generator,26006
2021-01-01,R003,Coking Coal,131372.0,IMPORT_TO_INDIA,True,synthetic_scenario_generator,26006
2021-02-01,R003,Coking Coal,135402.0,IMPORT_TO_INDIA,True,synthetic_scenario_generator,26006
2021-03-01,R003,Coking Coal,110102.0,IMPORT_TO_INDIA,True,synthetic_scenario_generator,26006
2021-04-01,R003,Coking Coal,96755.0,IMPORT_TO_INDIA,True,synthetic_scenario_generator,26006
2021-05-01,R003,Coking Coal,73824.0,IMPORT_TO_INDIA,True,synthetic_scenario_generator,26006
2021-06-01,R003,Coking Coal,79811.0,IMPORT_TO_INDIA,True,synthetic_scenario_generator,26006
2021-07-01,R003,Coking Coal,79762.0,IMPORT_TO_INDIA,True,synthetic_scenario_generator,26006
2021-08-01,R003,Coking Coal,44225.0,IMPORT_TO_INDIA,True,synthetic_scenario_generator,26006
2021-09-01,R003,Coking Coal,65464.0,IMPORT_TO_INDIA,True,synthetic_scenario_generator,26006
2021-10-01,R003,Coking Coal,77892.0,IMPORT_TO_INDIA,True,synthetic_scenario_generator,26006
2021-11-01,R003,Coking Coal,75600.0,IMPORT_TO_INDIA,True,synthetic_scenario_generator,26006
2021-12-01,R003,Coking Coal,104565.0,IMPORT_TO_INDIA,True,synthetic_scenario_generator,26006
2022-01-01,R003,Coking Coal,129214.0,IMPORT_TO_INDIA,True,synthetic_scenario_generator,26006
2022-02-01,R003,Coking Coal,110294.0,IMPORT_TO_INDIA,True,synthetic_scenario_generator,26006
2022-03-01,R003,Coking Coal,77647.0,IMPORT_TO_INDIA,True,synthetic_scenario_generator,26006
2022-04-01,R003,Coking Coal,94973.0,IMPORT_TO_INDIA,True,synthetic_scenario_generator,26006
2022-05-01,R003,Coking Coal,79394.0,IMPORT_TO_INDIA,True,synthetic_scenario_generator,26006
2022-06-01,R003,Coking Coal,79173.0,IMPORT_TO_INDIA,True,synthetic_scenario_generator,26006
2022-07-01,R003,Coking Coal,73460.0,IMPORT_TO_INDIA,True,synthetic_scenario_generator,26006
2022-08-01,R003,Coking Coal,63464.0,IMPORT_TO_INDIA,True,synthetic_scenario_generator,26006
2022-09-01,R003,Coking Coal,49939.0,IMPORT_TO_INDIA,True,synthetic_scenario_generator,26006
2022-10-01,R003,Coking Coal,65019.0,IMPORT_TO_INDIA,True,synthetic_scenario_generator,26006
2022-11-01,R003,Coking Coal,78879.0,IMPORT_TO_INDIA,True,synthetic_scenario_generator,26006
2022-12-01,R003,Coking Coal,103711.0,IMPORT_TO_INDIA,True,synthetic_scenario_generator,26006
2023-01-01,R003,Coking Coal,111158.0,IMPORT_TO_INDIA,True,synthetic_scenario_generator,26006
2023-02-01,R003,Coking Coal,110950.0,IMPORT_TO_INDIA,True,synthetic_scenario_generator,26006
2023-03-01,R003,Coking Coal,130573.0,IMPORT_TO_INDIA,True,synthetic_scenario_generator,26006
2023-04-01,R003,Coking Coal,79030.0,IMPORT_TO_INDIA,True,synthetic_scenario_generator,26006
2023-05-01,R003,Coking Coal,100704.0,IMPORT_TO_INDIA,True,synthetic_scenario_generator,26006
2023-06-01,R003,Coking Coal,66389.0,IMPORT_TO_INDIA,True,synthetic_scenario_generator,26006
2023-07-01,R003,Coking Coal,73565.0,IMPORT_TO_INDIA,True,synthetic_scenario_generator,26006
2023-08-01,R003,Coking Coal,74850.0,IMPORT_TO_INDIA,True,synthetic_scenario_generator,26006
2023-09-01,R003,Coking Coal,70058.0,IMPORT_TO_INDIA,True,synthetic_scenario_generator,26006
2023-10-01,R003,Coking Coal,75076.0,IMPORT_TO_INDIA,True,synthetic_scenario_generator,26006
2023-11-01,R003,Coking Coal,92504.0,IMPORT_TO_INDIA,True,synthetic_scenario_generator,26006
2023-12-01,R003,Coking Coal,87729.0,IMPORT_TO_INDIA,True,synthetic_scenario_generator,26006
2024-01-01,R003,Coking Coal,117008.0,IMPORT_TO_INDIA,True,synthetic_scenario_generator,26006
2024-02-01,R003,Coking Coal,114554.0,IMPORT_TO_INDIA,True,synthetic_scenario_generator,26006
2024-03-01,R003,Coking Coal,99963.0,IMPORT_TO_INDIA,True,synthetic_scenario_generator,26006
2024-04-01,R003,Coking Coal,106596.0,IMPORT_TO_INDIA,True,synthetic_scenario_generator,26006
2024-05-01,R003,Coking Coal,87405.0,IMPORT_TO_INDIA,True,synthetic_scenario_generator,26006
2024-06-01,R003,Coking Coal,82285.0,IMPORT_TO_INDIA,True,synthetic_scenario_generator,26006
2024-07-01,R003,Coking Coal,89076.0,IMPORT_TO_INDIA,True,synthetic_scenario_generator,26006
2024-08-01,R003,Coking Coal,81021.0,IMPORT_TO_INDIA,True,synthetic_scenario_generator,26006
2024-09-01,R003,Coking Coal,65588.0,IMPORT_TO_INDIA,True,synthetic_scenario_generator,26006
2024-10-01,R003,Coking Coal,73056.0,IMPORT_TO_INDIA,True,synthetic_scenario_generator,26006
2024-11-01,R003,Coking Coal,85130.0,IMPORT_TO_INDIA,True,synthetic_scenario_generator,26006
2024-12-01,R003,Coking Coal,97290.0,IMPORT_TO_INDIA,True,synthetic_scenario_generator,26006
2025-01-01,R003,Coking Coal,112962.0,IMPORT_TO_INDIA,True,synthetic_scenario_generator,26006
2025-02-01,R003,Coking Coal,101629.0,IMPORT_TO_INDIA,True,synthetic_scenario_generator,26006
2025-03-01,R003,Coking Coal,102413.0,IMPORT_TO_INDIA,True,synthetic_scenario_generator,26006
2025-04-01,R003,Coking Coal,125341.0,IMPORT_TO_INDIA,True,synthetic_scenario_generator,26006
2025-05-01,R003,Coking Coal,88316.0,IMPORT_TO_INDIA,True,synthetic_scenario_generator,26006
2025-06-01,R003,Coking Coal,81676.0,IMPORT_TO_INDIA,True,synthetic_scenario_generator,26006
2025-07-01,R003,Coking Coal,74012.0,IMPORT_TO_INDIA,True,synthetic_scenario_generator,26006
2025-08-01,R003,Coking Coal,80939.0,IMPORT_TO_INDIA,True,synthetic_scenario_generator,26006
2025-09-01,R003,Coking Coal,54513.0,IMPORT_TO_INDIA,True,synthetic_scenario_generator,26006
2025-10-01,R003,Coking Coal,77769.0,IMPORT_TO_INDIA,True,synthetic_scenario_generator,26006
2025-11-01,R003,Coking Coal,94780.0,IMPORT_TO_INDIA,True,synthetic_scenario_generator,26006
2025-12-01,R003,Coking Coal,79656.0,IMPORT_TO_INDIA,True,synthetic_scenario_generator,26006
2026-01-01,R003,Coking Coal,102622.0,IMPORT_TO_INDIA,True,synthetic_scenario_generator,26006
2026-02-01,R003,Coking Coal,133864.0,IMPORT_TO_INDIA,True,synthetic_scenario_generator,26006
2026-03-01,R003,Coking Coal,115965.0,IMPORT_TO_INDIA,True,synthetic_scenario_generator,26006
2026-04-01,R003,Coking Coal,94521.0,IMPORT_TO_INDIA,True,synthetic_scenario_generator,26006
2026-05-01,R003,Coking Coal,76763.0,IMPORT_TO_INDIA,True,synthetic_scenario_generator,26006
2026-06-01,R003,Coking Coal,74194.0,IMPORT_TO_INDIA,True,synthetic_scenario_generator,26006
2026-07-01,R003,Coking Coal,60143.0,IMPORT_TO_INDIA,True,synthetic_scenario_generator,26006
2026-08-01,R003,Coking Coal,70110.0,IMPORT_TO_INDIA,True,synthetic_scenario_generator,26006
2020-01-01,R004,Coking Coal,117999.0,IMPORT_TO_INDIA,True,synthetic_scenario_generator,26006
2020-02-01,R004,Coking Coal,137498.0,IMPORT_TO_INDIA,True,synthetic_scenario_generator,26006
2020-03-01,R004,Coking Coal,122016.0,IMPORT_TO_INDIA,True,synthetic_scenario_generator,26006
2020-04-01,R004,Coking Coal,81177.0,IMPORT_TO_INDIA,True,synthetic_scenario_generator,26006
2020-05-01,R004,Coking Coal,68432.0,IMPORT_TO_INDIA,True,synthetic_scenario_generator,26006
2020-06-01,R004,Coking Coal,69426.0,IMPORT_TO_INDIA,True,synthetic_scenario_generator,26006
2020-07-01,R004,Coking Coal,62678.0,IMPORT_TO_INDIA,True,synthetic_scenario_generator,26006
2020-08-01,R004,Coking Coal,50589.0,IMPORT_TO_INDIA,True,synthetic_scenario_generator,26006
2020-09-01,R004,Coking Coal,74308.0,IMPORT_TO_INDIA,True,synthetic_scenario_generator,26006
2020-10-01,R004,Coking Coal,86627.0,IMPORT_TO_INDIA,True,synthetic_scenario_generator,26006
2020-11-01,R004,Coking Coal,81765.0,IMPORT_TO_INDIA,True,synthetic_scenario_generator,26006
2020-12-01,R004,Coking Coal,113745.0,IMPORT_TO_INDIA,True,synthetic_scenario_generator,26006
2021-01-01,R004,Coking Coal,107939.0,IMPORT_TO_INDIA,True,synthetic_scenario_generator,26006
2021-02-01,R004,Coking Coal,116747.0,IMPORT_TO_INDIA,True,synthetic_scenario_generator,26006
2021-03-01,R004,Coking Coal,111272.0,IMPORT_TO_INDIA,True,synthetic_scenario_generator,26006
2021-04-01,R004,Coking Coal,65054.0,IMPORT_TO_INDIA,True,synthetic_scenario_generator,26006
2021-05-01,R004,Coking Coal,83309.0,IMPORT_TO_INDIA,True,synthetic_scenario_generator,26006
2021-06-01,R004,Coking Coal,98169.0,IMPORT_TO_INDIA,True,synthetic_scenario_generator,26006
2021-07-01,R004,Coking Coal,57252.0,IMPORT_TO_INDIA,True,synthetic_scenario_generator,26006
2021-08-01,R004,Coking Coal,63885.0,IMPORT_TO_INDIA,True,synthetic_scenario_generator,26006
2021-09-01,R004,Coking Coal,87825.0,IMPORT_TO_INDIA,True,synthetic_scenario_generator,26006
2021-10-01,R004,Coking Coal,98702.0,IMPORT_TO_INDIA,True,synthetic_scenario_generator,26006
2021-11-01,R004,Coking Coal,104939.0,IMPORT_TO_INDIA,True,synthetic_scenario_generator,26006
2021-12-01,R004,Coking Coal,112197.0,IMPORT_TO_INDIA,True,synthetic_scenario_generator,26006
2022-01-01,R004,Coking Coal,112276.0,IMPORT_TO_INDIA,True,synthetic_scenario_generator,26006
2022-02-01,R004,Coking Coal,118963.0,IMPORT_TO_INDIA,True,synthetic_scenario_generator,26006
2022-03-01,R004,Coking Coal,127683.0,IMPORT_TO_INDIA,True,synthetic_scenario_generator,26006
2022-04-01,R004,Coking Coal,87628.0,IMPORT_TO_INDIA,True,synthetic_scenario_generator,26006
2022-05-01,R004,Coking Coal,96003.0,IMPORT_TO_INDIA,True,synthetic_scenario_generator,26006
2022-06-01,R004,Coking Coal,74408.0,IMPORT_TO_INDIA,True,synthetic_scenario_generator,26006
2022-07-01,R004,Coking Coal,65653.0,IMPORT_TO_INDIA,True,synthetic_scenario_generator,26006
2022-08-01,R004,Coking Coal,58611.0,IMPORT_TO_INDIA,True,synthetic_scenario_generator,26006
2022-09-01,R004,Coking Coal,86889.0,IMPORT_TO_INDIA,True,synthetic_scenario_generator,26006
2022-10-01,R004,Coking Coal,83780.0,IMPORT_TO_INDIA,True,synthetic_scenario_generator,26006
2022-11-01,R004,Coking Coal,95342.0,IMPORT_TO_INDIA,True,synthetic_scenario_generator,26006
2022-12-01,R004,Coking Coal,109085.0,IMPORT_TO_INDIA,True,synthetic_scenario_generator,26006
2023-01-01,R004,Coking Coal,115539.0,IMPORT_TO_INDIA,True,synthetic_scenario_generator,26006
2023-02-01,R004,Coking Coal,107512.0,IMPORT_TO_INDIA,True,synthetic_scenario_generator,26006
2023-03-01,R004,Coking Coal,108467.0,IMPORT_TO_INDIA,True,synthetic_scenario_generator,26006
2023-04-01,R004,Coking Coal,117414.0,IMPORT_TO_INDIA,True,synthetic_scenario_generator,26006
2023-05-01,R004,Coking Coal,76362.0,IMPORT_TO_INDIA,True,synthetic_scenario_generator,26006
2023-06-01,R004,Coking Coal,55787.0,IMPORT_TO_INDIA,True,synthetic_scenario_generator,26006
2023-07-01,R004,Coking Coal,67507.0,IMPORT_TO_INDIA,True,synthetic_scenario_generator,26006
2023-08-01,R004,Coking Coal,93712.0,IMPORT_TO_INDIA,True,synthetic_scenario_generator,26006
2023-09-01,R004,Coking Coal,118559.0,IMPORT_TO_INDIA,True,synthetic_scenario_generator,26006
2023-10-01,R004,Coking Coal,86166.0,IMPORT_TO_INDIA,True,synthetic_scenario_generator,26006
2023-11-01,R004,Coking Coal,96451.0,IMPORT_TO_INDIA,True,synthetic_scenario_generator,26006
2023-12-01,R004,Coking Coal,120817.0,IMPORT_TO_INDIA,True,synthetic_scenario_generator,26006
2024-01-01,R004,Coking Coal,113584.0,IMPORT_TO_INDIA,True,synthetic_scenario_generator,26006
2024-02-01,R004,Coking Coal,102739.0,IMPORT_TO_INDIA,True,synthetic_scenario_generator,26006
2024-03-01,R004,Coking Coal,108071.0,IMPORT_TO_INDIA,True,synthetic_scenario_generator,26006
2024-04-01,R004,Coking Coal,72060.0,IMPORT_TO_INDIA,True,synthetic_scenario_generator,26006
2024-05-01,R004,Coking Coal,84107.0,IMPORT_TO_INDIA,True,synthetic_scenario_generator,26006
2024-06-01,R004,Coking Coal,57899.0,IMPORT_TO_INDIA,True,synthetic_scenario_generator,26006
2024-07-01,R004,Coking Coal,70868.0,IMPORT_TO_INDIA,True,synthetic_scenario_generator,26006
2024-08-01,R004,Coking Coal,77228.0,IMPORT_TO_INDIA,True,synthetic_scenario_generator,26006
2024-09-01,R004,Coking Coal,71045.0,IMPORT_TO_INDIA,True,synthetic_scenario_generator,26006
2024-10-01,R004,Coking Coal,94988.0,IMPORT_TO_INDIA,True,synthetic_scenario_generator,26006
2024-11-01,R004,Coking Coal,98758.0,IMPORT_TO_INDIA,True,synthetic_scenario_generator,26006
2024-12-01,R004,Coking Coal,133103.0,IMPORT_TO_INDIA,True,synthetic_scenario_generator,26006
2025-01-01,R004,Coking Coal,108473.0,IMPORT_TO_INDIA,True,synthetic_scenario_generator,26006
2025-02-01,R004,Coking Coal,105111.0,IMPORT_TO_INDIA,True,synthetic_scenario_generator,26006
2025-03-01,R004,Coking Coal,113275.0,IMPORT_TO_INDIA,True,synthetic_scenario_generator,26006
2025-04-01,R004,Coking Coal,104519.0,IMPORT_TO_INDIA,True,synthetic_scenario_generator,26006
2025-05-01,R004,Coking Coal,78463.0,IMPORT_TO_INDIA,True,synthetic_scenario_generator,26006
2025-06-01,R004,Coking Coal,80073.0,IMPORT_TO_INDIA,True,synthetic_scenario_generator,26006
2025-07-01,R004,Coking Coal,60125.0,IMPORT_TO_INDIA,True,synthetic_scenario_generator,26006
2025-08-01,R004,Coking Coal,67453.0,IMPORT_TO_INDIA,True,synthetic_scenario_generator,26006
2025-09-01,R004,Coking Coal,92991.0,IMPORT_TO_INDIA,True,synthetic_scenario_generator,26006
2025-10-01,R004,Coking Coal,94383.0,IMPORT_TO_INDIA,True,synthetic_scenario_generator,26006
2025-11-01,R004,Coking Coal,94389.0,IMPORT_TO_INDIA,True,synthetic_scenario_generator,26006
2025-12-01,R004,Coking Coal,106966.0,IMPORT_TO_INDIA,True,synthetic_scenario_generator,26006
2026-01-01,R004,Coking Coal,117503.0,IMPORT_TO_INDIA,True,synthetic_scenario_generator,26006
2026-02-01,R004,Coking Coal,95243.0,IMPORT_TO_INDIA,True,synthetic_scenario_generator,26006
2026-03-01,R004,Coking Coal,102195.0,IMPORT_TO_INDIA,True,synthetic_scenario_generator,26006
2026-04-01,R004,Coking Coal,93629.0,IMPORT_TO_INDIA,True,synthetic_scenario_generator,26006
2026-05-01,R004,Coking Coal,87607.0,IMPORT_TO_INDIA,True,synthetic_scenario_generator,26006
2026-06-01,R004,Coking Coal,75108.0,IMPORT_TO_INDIA,True,synthetic_scenario_generator,26006
2026-07-01,R004,Coking Coal,58616.0,IMPORT_TO_INDIA,True,synthetic_scenario_generator,26006
2026-08-01,R004,Coking Coal,68298.0,IMPORT_TO_INDIA,True,synthetic_scenario_generator,26006
2020-01-01,R005,Thermal Coal,108512.0,IMPORT_TO_INDIA,True,synthetic_scenario_generator,26006
2020-02-01,R005,Thermal Coal,109357.0,IMPORT_TO_INDIA,True,synthetic_scenario_generator,26006
2020-03-01,R005,Thermal Coal,86640.0,IMPORT_TO_INDIA,True,synthetic_scenario_generator,26006
2020-04-01,R005,Thermal Coal,85282.0,IMPORT_TO_INDIA,True,synthetic_scenario_generator,26006
2020-05-01,R005,Thermal Coal,75265.0,IMPORT_TO_INDIA,True,synthetic_scenario_generator,26006
2020-06-01,R005,Thermal Coal,87054.0,IMPORT_TO_INDIA,True,synthetic_scenario_generator,26006
2020-07-01,R005,Thermal Coal,58198.0,IMPORT_TO_INDIA,True,synthetic_scenario_generator,26006
2020-08-01,R005,Thermal Coal,77201.0,IMPORT_TO_INDIA,True,synthetic_scenario_generator,26006
2020-09-01,R005,Thermal Coal,89398.0,IMPORT_TO_INDIA,True,synthetic_scenario_generator,26006
2020-10-01,R005,Thermal Coal,115055.0,IMPORT_TO_INDIA,True,synthetic_scenario_generator,26006
2020-11-01,R005,Thermal Coal,127766.0,IMPORT_TO_INDIA,True,synthetic_scenario_generator,26006
2020-12-01,R005,Thermal Coal,124329.0,IMPORT_TO_INDIA,True,synthetic_scenario_generator,26006
2021-01-01,R005,Thermal Coal,111960.0,IMPORT_TO_INDIA,True,synthetic_scenario_generator,26006
2021-02-01,R005,Thermal Coal,107619.0,IMPORT_TO_INDIA,True,synthetic_scenario_generator,26006
2021-03-01,R005,Thermal Coal,104021.0,IMPORT_TO_INDIA,True,synthetic_scenario_generator,26006
2021-04-01,R005,Thermal Coal,84500.0,IMPORT_TO_INDIA,True,synthetic_scenario_generator,26006
2021-05-01,R005,Thermal Coal,98480.0,IMPORT_TO_INDIA,True,synthetic_scenario_generator,26006
2021-06-01,R005,Thermal Coal,67984.0,IMPORT_TO_INDIA,True,synthetic_scenario_generator,26006
2021-07-01,R005,Thermal Coal,78378.0,IMPORT_TO_INDIA,True,synthetic_scenario_generator,26006
2021-08-01,R005,Thermal Coal,74505.0,IMPORT_TO_INDIA,True,synthetic_scenario_generator,26006
2021-09-01,R005,Thermal Coal,111506.0,IMPORT_TO_INDIA,True,synthetic_scenario_generator,26006
2021-10-01,R005,Thermal Coal,89896.0,IMPORT_TO_INDIA,True,synthetic_scenario_generator,26006
2021-11-01,R005,Thermal Coal,109421.0,IMPORT_TO_INDIA,True,synthetic_scenario_generator,26006
2021-12-01,R005,Thermal Coal,107749.0,IMPORT_TO_INDIA,True,synthetic_scenario_generator,26006
2022-01-01,R005,Thermal Coal,98977.0,IMPORT_TO_INDIA,True,synthetic_scenario_generator,26006
2022-02-01,R005,Thermal Coal,106709.0,IMPORT_TO_INDIA,True,synthetic_scenario_generator,26006
2022-03-01,R005,Thermal Coal,81700.0,IMPORT_TO_INDIA,True,synthetic_scenario_generator,26006
2022-04-01,R005,Thermal Coal,82318.0,IMPORT_TO_INDIA,True,synthetic_scenario_generator,26006
2022-05-01,R005,Thermal Coal,91667.0,IMPORT_TO_INDIA,True,synthetic_scenario_generator,26006
2022-06-01,R005,Thermal Coal,62312.0,IMPORT_TO_INDIA,True,synthetic_scenario_generator,26006
2022-07-01,R005,Thermal Coal,53752.0,IMPORT_TO_INDIA,True,synthetic_scenario_generator,26006
2022-08-01,R005,Thermal Coal,83845.0,IMPORT_TO_INDIA,True,synthetic_scenario_generator,26006
2022-09-01,R005,Thermal Coal,89904.0,IMPORT_TO_INDIA,True,synthetic_scenario_generator,26006
2022-10-01,R005,Thermal Coal,99324.0,IMPORT_TO_INDIA,True,synthetic_scenario_generator,26006
2022-11-01,R005,Thermal Coal,123952.0,IMPORT_TO_INDIA,True,synthetic_scenario_generator,26006
2022-12-01,R005,Thermal Coal,130488.0,IMPORT_TO_INDIA,True,synthetic_scenario_generator,26006
2023-01-01,R005,Thermal Coal,107237.0,IMPORT_TO_INDIA,True,synthetic_scenario_generator,26006
2023-02-01,R005,Thermal Coal,107259.0,IMPORT_TO_INDIA,True,synthetic_scenario_generator,26006
2023-03-01,R005,Thermal Coal,103508.0,IMPORT_TO_INDIA,True,synthetic_scenario_generator,26006
2023-04-01,R005,Thermal Coal,81303.0,IMPORT_TO_INDIA,True,synthetic_scenario_generator,26006
2023-05-01,R005,Thermal Coal,59782.0,IMPORT_TO_INDIA,True,synthetic_scenario_generator,26006
2023-06-01,R005,Thermal Coal,64259.0,IMPORT_TO_INDIA,True,synthetic_scenario_generator,26006
2023-07-01,R005,Thermal Coal,77429.0,IMPORT_TO_INDIA,True,synthetic_scenario_generator,26006
2023-08-01,R005,Thermal Coal,79575.0,IMPORT_TO_INDIA,True,synthetic_scenario_generator,26006
2023-09-01,R005,Thermal Coal,106577.0,IMPORT_TO_INDIA,True,synthetic_scenario_generator,26006
2023-10-01,R005,Thermal Coal,85240.0,IMPORT_TO_INDIA,True,synthetic_scenario_generator,26006
2023-11-01,R005,Thermal Coal,90226.0,IMPORT_TO_INDIA,True,synthetic_scenario_generator,26006
2023-12-01,R005,Thermal Coal,113619.0,IMPORT_TO_INDIA,True,synthetic_scenario_generator,26006
2024-01-01,R005,Thermal Coal,107900.0,IMPORT_TO_INDIA,True,synthetic_scenario_generator,26006
2024-02-01,R005,Thermal Coal,111515.0,IMPORT_TO_INDIA,True,synthetic_scenario_generator,26006
2024-03-01,R005,Thermal Coal,74893.0,IMPORT_TO_INDIA,True,synthetic_scenario_generator,26006
2024-04-01,R005,Thermal Coal,76279.0,IMPORT_TO_INDIA,True,synthetic_scenario_generator,26006
2024-05-01,R005,Thermal Coal,68076.0,IMPORT_TO_INDIA,True,synthetic_scenario_generator,26006
2024-06-01,R005,Thermal Coal,81791.0,IMPORT_TO_INDIA,True,synthetic_scenario_generator,26006
2024-07-01,R005,Thermal Coal,75868.0,IMPORT_TO_INDIA,True,synthetic_scenario_generator,26006
2024-08-01,R005,Thermal Coal,69698.0,IMPORT_TO_INDIA,True,synthetic_scenario_generator,26006
2024-09-01,R005,Thermal Coal,100766.0,IMPORT_TO_INDIA,True,synthetic_scenario_generator,26006
2024-10-01,R005,Thermal Coal,119729.0,IMPORT_TO_INDIA,True,synthetic_scenario_generator,26006
2024-11-01,R005,Thermal Coal,114802.0,IMPORT_TO_INDIA,True,synthetic_scenario_generator,26006
2024-12-01,R005,Thermal Coal,109850.0,IMPORT_TO_INDIA,True,synthetic_scenario_generator,26006
2025-01-01,R005,Thermal Coal,110875.0,IMPORT_TO_INDIA,True,synthetic_scenario_generator,26006
2025-02-01,R005,Thermal Coal,93926.0,IMPORT_TO_INDIA,True,synthetic_scenario_generator,26006
2025-03-01,R005,Thermal Coal,101442.0,IMPORT_TO_INDIA,True,synthetic_scenario_generator,26006
2025-04-01,R005,Thermal Coal,95885.0,IMPORT_TO_INDIA,True,synthetic_scenario_generator,26006
2025-05-01,R005,Thermal Coal,61513.0,IMPORT_TO_INDIA,True,synthetic_scenario_generator,26006
2025-06-01,R005,Thermal Coal,84027.0,IMPORT_TO_INDIA,True,synthetic_scenario_generator,26006
2025-07-01,R005,Thermal Coal,66695.0,IMPORT_TO_INDIA,True,synthetic_scenario_generator,26006
2025-08-01,R005,Thermal Coal,87351.0,IMPORT_TO_INDIA,True,synthetic_scenario_generator,26006
2025-09-01,R005,Thermal Coal,88711.0,IMPORT_TO_INDIA,True,synthetic_scenario_generator,26006
2025-10-01,R005,Thermal Coal,111998.0,IMPORT_TO_INDIA,True,synthetic_scenario_generator,26006
2025-11-01,R005,Thermal Coal,119433.0,IMPORT_TO_INDIA,True,synthetic_scenario_generator,26006
2025-12-01,R005,Thermal Coal,93003.0,IMPORT_TO_INDIA,True,synthetic_scenario_generator,26006
2026-01-01,R005,Thermal Coal,106673.0,IMPORT_TO_INDIA,True,synthetic_scenario_generator,26006
2026-02-01,R005,Thermal Coal,102306.0,IMPORT_TO_INDIA,True,synthetic_scenario_generator,26006
2026-03-01,R005,Thermal Coal,93936.0,IMPORT_TO_INDIA,True,synthetic_scenario_generator,26006
2026-04-01,R005,Thermal Coal,73420.0,IMPORT_TO_INDIA,True,synthetic_scenario_generator,26006
2026-05-01,R005,Thermal Coal,96038.0,IMPORT_TO_INDIA,True,synthetic_scenario_generator,26006
2026-06-01,R005,Thermal Coal,51164.0,IMPORT_TO_INDIA,True,synthetic_scenario_generator,26006
2026-07-01,R005,Thermal Coal,61270.0,IMPORT_TO_INDIA,True,synthetic_scenario_generator,26006
2026-08-01,R005,Thermal Coal,66265.0,IMPORT_TO_INDIA,True,synthetic_scenario_generator,26006
2020-01-01,R006,Coking Coal,98985.0,IMPORT_TO_INDIA,True,synthetic_scenario_generator,26006
2020-02-01,R006,Coking Coal,87459.0,IMPORT_TO_INDIA,True,synthetic_scenario_generator,26006
2020-03-01,R006,Coking Coal,82027.0,IMPORT_TO_INDIA,True,synthetic_scenario_generator,26006
2020-04-01,R006,Coking Coal,70281.0,IMPORT_TO_INDIA,True,synthetic_scenario_generator,26006
2020-05-01,R006,Coking Coal,74419.0,IMPORT_TO_INDIA,True,synthetic_scenario_generator,26006
2020-06-01,R006,Coking Coal,65401.0,IMPORT_TO_INDIA,True,synthetic_scenario_generator,26006
2020-07-01,R006,Coking Coal,62192.0,IMPORT_TO_INDIA,True,synthetic_scenario_generator,26006
2020-08-01,R006,Coking Coal,84593.0,IMPORT_TO_INDIA,True,synthetic_scenario_generator,26006
2020-09-01,R006,Coking Coal,92027.0,IMPORT_TO_INDIA,True,synthetic_scenario_generator,26006
2020-10-01,R006,Coking Coal,85131.0,IMPORT_TO_INDIA,True,synthetic_scenario_generator,26006
2020-11-01,R006,Coking Coal,120655.0,IMPORT_TO_INDIA,True,synthetic_scenario_generator,26006
2020-12-01,R006,Coking Coal,127442.0,IMPORT_TO_INDIA,True,synthetic_scenario_generator,26006
2021-01-01,R006,Coking Coal,118623.0,IMPORT_TO_INDIA,True,synthetic_scenario_generator,26006
2021-02-01,R006,Coking Coal,84823.0,IMPORT_TO_INDIA,True,synthetic_scenario_generator,26006
2021-03-01,R006,Coking Coal,75085.0,IMPORT_TO_INDIA,True,synthetic_scenario_generator,26006
2021-04-01,R006,Coking Coal,58808.0,IMPORT_TO_INDIA,True,synthetic_scenario_generator,26006
2021-05-01,R006,Coking Coal,53003.0,IMPORT_TO_INDIA,True,synthetic_scenario_generator,26006
2021-06-01,R006,Coking Coal,82213.0,IMPORT_TO_INDIA,True,synthetic_scenario_generator,26006
2021-07-01,R006,Coking Coal,67428.0,IMPORT_TO_INDIA,True,synthetic_scenario_generator,26006
2021-08-01,R006,Coking Coal,82428.0,IMPORT_TO_INDIA,True,synthetic_scenario_generator,26006
2021-09-01,R006,Coking Coal,115125.0,IMPORT_TO_INDIA,True,synthetic_scenario_generator,26006
2021-10-01,R006,Coking Coal,117443.0,IMPORT_TO_INDIA,True,synthetic_scenario_generator,26006
2021-11-01,R006,Coking Coal,104033.0,IMPORT_TO_INDIA,True,synthetic_scenario_generator,26006
2021-12-01,R006,Coking Coal,132305.0,IMPORT_TO_INDIA,True,synthetic_scenario_generator,26006
2022-01-01,R006,Coking Coal,97723.0,IMPORT_TO_INDIA,True,synthetic_scenario_generator,26006
2022-02-01,R006,Coking Coal,90331.0,IMPORT_TO_INDIA,True,synthetic_scenario_generator,26006
2022-03-01,R006,Coking Coal,85206.0,IMPORT_TO_INDIA,True,synthetic_scenario_generator,26006
2022-04-01,R006,Coking Coal,67399.0,IMPORT_TO_INDIA,True,synthetic_scenario_generator,26006
2022-05-01,R006,Coking Coal,69054.0,IMPORT_TO_INDIA,True,synthetic_scenario_generator,26006
2022-06-01,R006,Coking Coal,35856.0,IMPORT_TO_INDIA,True,synthetic_scenario_generator,26006
2022-07-01,R006,Coking Coal,94576.0,IMPORT_TO_INDIA,True,synthetic_scenario_generator,26006
2022-08-01,R006,Coking Coal,83032.0,IMPORT_TO_INDIA,True,synthetic_scenario_generator,26006
2022-09-01,R006,Coking Coal,112064.0,IMPORT_TO_INDIA,True,synthetic_scenario_generator,26006
2022-10-01,R006,Coking Coal,96670.0,IMPORT_TO_INDIA,True,synthetic_scenario_generator,26006
2022-11-01,R006,Coking Coal,117525.0,IMPORT_TO_INDIA,True,synthetic_scenario_generator,26006
2022-12-01,R006,Coking Coal,117366.0,IMPORT_TO_INDIA,True,synthetic_scenario_generator,26006
2023-01-01,R006,Coking Coal,99859.0,IMPORT_TO_INDIA,True,synthetic_scenario_generator,26006
2023-02-01,R006,Coking Coal,85982.0,IMPORT_TO_INDIA,True,synthetic_scenario_generator,26006
2023-03-01,R006,Coking Coal,76818.0,IMPORT_TO_INDIA,True,synthetic_scenario_generator,26006
2023-04-01,R006,Coking Coal,65782.0,IMPORT_TO_INDIA,True,synthetic_scenario_generator,26006
2023-05-01,R006,Coking Coal,43443.0,IMPORT_TO_INDIA,True,synthetic_scenario_generator,26006
2023-06-01,R006,Coking Coal,55916.0,IMPORT_TO_INDIA,True,synthetic_scenario_generator,26006
2023-07-01,R006,Coking Coal,94467.0,IMPORT_TO_INDIA,True,synthetic_scenario_generator,26006
2023-08-01,R006,Coking Coal,73058.0,IMPORT_TO_INDIA,True,synthetic_scenario_generator,26006
2023-09-01,R006,Coking Coal,91614.0,IMPORT_TO_INDIA,True,synthetic_scenario_generator,26006
2023-10-01,R006,Coking Coal,111052.0,IMPORT_TO_INDIA,True,synthetic_scenario_generator,26006
2023-11-01,R006,Coking Coal,118860.0,IMPORT_TO_INDIA,True,synthetic_scenario_generator,26006
2023-12-01,R006,Coking Coal,132770.0,IMPORT_TO_INDIA,True,synthetic_scenario_generator,26006
2024-01-01,R006,Coking Coal,110355.0,IMPORT_TO_INDIA,True,synthetic_scenario_generator,26006
2024-02-01,R006,Coking Coal,104686.0,IMPORT_TO_INDIA,True,synthetic_scenario_generator,26006
2024-03-01,R006,Coking Coal,82305.0,IMPORT_TO_INDIA,True,synthetic_scenario_generator,26006
2024-04-01,R006,Coking Coal,78752.0,IMPORT_TO_INDIA,True,synthetic_scenario_generator,26006
2024-05-01,R006,Coking Coal,73459.0,IMPORT_TO_INDIA,True,synthetic_scenario_generator,26006
2024-06-01,R006,Coking Coal,53349.0,IMPORT_TO_INDIA,True,synthetic_scenario_generator,26006
2024-07-01,R006,Coking Coal,77556.0,IMPORT_TO_INDIA,True,synthetic_scenario_generator,26006
2024-08-01,R006,Coking Coal,80479.0,IMPORT_TO_INDIA,True,synthetic_scenario_generator,26006
2024-09-01,R006,Coking Coal,128890.0,IMPORT_TO_INDIA,True,synthetic_scenario_generator,26006
2024-10-01,R006,Coking Coal,107387.0,IMPORT_TO_INDIA,True,synthetic_scenario_generator,26006
2024-11-01,R006,Coking Coal,112938.0,IMPORT_TO_INDIA,True,synthetic_scenario_generator,26006
2024-12-01,R006,Coking Coal,112325.0,IMPORT_TO_INDIA,True,synthetic_scenario_generator,26006
2025-01-01,R006,Coking Coal,88168.0,IMPORT_TO_INDIA,True,synthetic_scenario_generator,26006
2025-02-01,R006,Coking Coal,124417.0,IMPORT_TO_INDIA,True,synthetic_scenario_generator,26006
2025-03-01,R006,Coking Coal,83989.0,IMPORT_TO_INDIA,True,synthetic_scenario_generator,26006
2025-04-01,R006,Coking Coal,49907.0,IMPORT_TO_INDIA,True,synthetic_scenario_generator,26006
2025-05-01,R006,Coking Coal,47901.0,IMPORT_TO_INDIA,True,synthetic_scenario_generator,26006
2025-06-01,R006,Coking Coal,67326.0,IMPORT_TO_INDIA,True,synthetic_scenario_generator,26006
2025-07-01,R006,Coking Coal,74647.0,IMPORT_TO_INDIA,True,synthetic_scenario_generator,26006
2025-08-01,R006,Coking Coal,99713.0,IMPORT_TO_INDIA,True,synthetic_scenario_generator,26006
2025-09-01,R006,Coking Coal,87883.0,IMPORT_TO_INDIA,True,synthetic_scenario_generator,26006
2025-10-01,R006,Coking Coal,109357.0,IMPORT_TO_INDIA,True,synthetic_scenario_generator,26006
2025-11-01,R006,Coking Coal,125948.0,IMPORT_TO_INDIA,True,synthetic_scenario_generator,26006
2025-12-01,R006,Coking Coal,123500.0,IMPORT_TO_INDIA,True,synthetic_scenario_generator,26006
2026-01-01,R006,Coking Coal,106767.0,IMPORT_TO_INDIA,True,synthetic_scenario_generator,26006
2026-02-01,R006,Coking Coal,92054.0,IMPORT_TO_INDIA,True,synthetic_scenario_generator,26006
2026-03-01,R006,Coking Coal,73930.0,IMPORT_TO_INDIA,True,synthetic_scenario_generator,26006
2026-04-01,R006,Coking Coal,45737.0,IMPORT_TO_INDIA,True,synthetic_scenario_generator,26006
2026-05-01,R006,Coking Coal,65437.0,IMPORT_TO_INDIA,True,synthetic_scenario_generator,26006
2026-06-01,R006,Coking Coal,49473.0,IMPORT_TO_INDIA,True,synthetic_scenario_generator,26006
2026-07-01,R006,Coking Coal,72652.0,IMPORT_TO_INDIA,True,synthetic_scenario_generator,26006
2026-08-01,R006,Coking Coal,84000.0,IMPORT_TO_INDIA,True,synthetic_scenario_generator,26006
2020-01-01,R007,Coking Coal,106813.0,IMPORT_TO_INDIA,True,synthetic_scenario_generator,26006
2020-02-01,R007,Coking Coal,93601.0,IMPORT_TO_INDIA,True,synthetic_scenario_generator,26006
2020-03-01,R007,Coking Coal,76202.0,IMPORT_TO_INDIA,True,synthetic_scenario_generator,26006
2020-04-01,R007,Coking Coal,44299.0,IMPORT_TO_INDIA,True,synthetic_scenario_generator,26006
2020-05-01,R007,Coking Coal,57545.0,IMPORT_TO_INDIA,True,synthetic_scenario_generator,26006
2020-06-01,R007,Coking Coal,83177.0,IMPORT_TO_INDIA,True,synthetic_scenario_generator,26006
2020-07-01,R007,Coking Coal,79936.0,IMPORT_TO_INDIA,True,synthetic_scenario_generator,26006
2020-08-01,R007,Coking Coal,115529.0,IMPORT_TO_INDIA,True,synthetic_scenario_generator,26006
2020-09-01,R007,Coking Coal,98516.0,IMPORT_TO_INDIA,True,synthetic_scenario_generator,26006
2020-10-01,R007,Coking Coal,117948.0,IMPORT_TO_INDIA,True,synthetic_scenario_generator,26006
2020-11-01,R007,Coking Coal,82704.0,IMPORT_TO_INDIA,True,synthetic_scenario_generator,26006
2020-12-01,R007,Coking Coal,92417.0,IMPORT_TO_INDIA,True,synthetic_scenario_generator,26006
2021-01-01,R007,Coking Coal,100765.0,IMPORT_TO_INDIA,True,synthetic_scenario_generator,26006
2021-02-01,R007,Coking Coal,90246.0,IMPORT_TO_INDIA,True,synthetic_scenario_generator,26006
2021-03-01,R007,Coking Coal,71234.0,IMPORT_TO_INDIA,True,synthetic_scenario_generator,26006
2021-04-01,R007,Coking Coal,83399.0,IMPORT_TO_INDIA,True,synthetic_scenario_generator,26006
2021-05-01,R007,Coking Coal,67817.0,IMPORT_TO_INDIA,True,synthetic_scenario_generator,26006
2021-06-01,R007,Coking Coal,102565.0,IMPORT_TO_INDIA,True,synthetic_scenario_generator,26006
2021-07-01,R007,Coking Coal,94123.0,IMPORT_TO_INDIA,True,synthetic_scenario_generator,26006
2021-08-01,R007,Coking Coal,116405.0,IMPORT_TO_INDIA,True,synthetic_scenario_generator,26006
2021-09-01,R007,Coking Coal,116525.0,IMPORT_TO_INDIA,True,synthetic_scenario_generator,26006
2021-10-01,R007,Coking Coal,83366.0,IMPORT_TO_INDIA,True,synthetic_scenario_generator,26006
2021-11-01,R007,Coking Coal,128045.0,IMPORT_TO_INDIA,True,synthetic_scenario_generator,26006
2021-12-01,R007,Coking Coal,117703.0,IMPORT_TO_INDIA,True,synthetic_scenario_generator,26006
2022-01-01,R007,Coking Coal,83702.0,IMPORT_TO_INDIA,True,synthetic_scenario_generator,26006
2022-02-01,R007,Coking Coal,77279.0,IMPORT_TO_INDIA,True,synthetic_scenario_generator,26006
2022-03-01,R007,Coking Coal,64199.0,IMPORT_TO_INDIA,True,synthetic_scenario_generator,26006
2022-04-01,R007,Coking Coal,49956.0,IMPORT_TO_INDIA,True,synthetic_scenario_generator,26006
2022-05-01,R007,Coking Coal,69048.0,IMPORT_TO_INDIA,True,synthetic_scenario_generator,26006
2022-06-01,R007,Coking Coal,74814.0,IMPORT_TO_INDIA,True,synthetic_scenario_generator,26006
2022-07-01,R007,Coking Coal,85203.0,IMPORT_TO_INDIA,True,synthetic_scenario_generator,26006
2022-08-01,R007,Coking Coal,76532.0,IMPORT_TO_INDIA,True,synthetic_scenario_generator,26006
2022-09-01,R007,Coking Coal,105644.0,IMPORT_TO_INDIA,True,synthetic_scenario_generator,26006
2022-10-01,R007,Coking Coal,102034.0,IMPORT_TO_INDIA,True,synthetic_scenario_generator,26006
2022-11-01,R007,Coking Coal,110864.0,IMPORT_TO_INDIA,True,synthetic_scenario_generator,26006
2022-12-01,R007,Coking Coal,91132.0,IMPORT_TO_INDIA,True,synthetic_scenario_generator,26006
2023-01-01,R007,Coking Coal,107059.0,IMPORT_TO_INDIA,True,synthetic_scenario_generator,26006
2023-02-01,R007,Coking Coal,62751.0,IMPORT_TO_INDIA,True,synthetic_scenario_generator,26006
2023-03-01,R007,Coking Coal,51634.0,IMPORT_TO_INDIA,True,synthetic_scenario_generator,26006
2023-04-01,R007,Coking Coal,59123.0,IMPORT_TO_INDIA,True,synthetic_scenario_generator,26006
2023-05-01,R007,Coking Coal,71750.0,IMPORT_TO_INDIA,True,synthetic_scenario_generator,26006
2023-06-01,R007,Coking Coal,77563.0,IMPORT_TO_INDIA,True,synthetic_scenario_generator,26006
2023-07-01,R007,Coking Coal,84529.0,IMPORT_TO_INDIA,True,synthetic_scenario_generator,26006
2023-08-01,R007,Coking Coal,96311.0,IMPORT_TO_INDIA,True,synthetic_scenario_generator,26006
2023-09-01,R007,Coking Coal,114838.0,IMPORT_TO_INDIA,True,synthetic_scenario_generator,26006
2023-10-01,R007,Coking Coal,103946.0,IMPORT_TO_INDIA,True,synthetic_scenario_generator,26006
2023-11-01,R007,Coking Coal,111420.0,IMPORT_TO_INDIA,True,synthetic_scenario_generator,26006
2023-12-01,R007,Coking Coal,70622.0,IMPORT_TO_INDIA,True,synthetic_scenario_generator,26006
2024-01-01,R007,Coking Coal,97269.0,IMPORT_TO_INDIA,True,synthetic_scenario_generator,26006
2024-02-01,R007,Coking Coal,60173.0,IMPORT_TO_INDIA,True,synthetic_scenario_generator,26006
2024-03-01,R007,Coking Coal,70249.0,IMPORT_TO_INDIA,True,synthetic_scenario_generator,26006
2024-04-01,R007,Coking Coal,47884.0,IMPORT_TO_INDIA,True,synthetic_scenario_generator,26006
2024-05-01,R007,Coking Coal,71039.0,IMPORT_TO_INDIA,True,synthetic_scenario_generator,26006
2024-06-01,R007,Coking Coal,68996.0,IMPORT_TO_INDIA,True,synthetic_scenario_generator,26006
2024-07-01,R007,Coking Coal,84222.0,IMPORT_TO_INDIA,True,synthetic_scenario_generator,26006
2024-08-01,R007,Coking Coal,105888.0,IMPORT_TO_INDIA,True,synthetic_scenario_generator,26006
2024-09-01,R007,Coking Coal,108003.0,IMPORT_TO_INDIA,True,synthetic_scenario_generator,26006
2024-10-01,R007,Coking Coal,132200.0,IMPORT_TO_INDIA,True,synthetic_scenario_generator,26006
2024-11-01,R007,Coking Coal,112613.0,IMPORT_TO_INDIA,True,synthetic_scenario_generator,26006
2024-12-01,R007,Coking Coal,92471.0,IMPORT_TO_INDIA,True,synthetic_scenario_generator,26006
2025-01-01,R007,Coking Coal,96459.0,IMPORT_TO_INDIA,True,synthetic_scenario_generator,26006
2025-02-01,R007,Coking Coal,72970.0,IMPORT_TO_INDIA,True,synthetic_scenario_generator,26006
2025-03-01,R007,Coking Coal,71891.0,IMPORT_TO_INDIA,True,synthetic_scenario_generator,26006
2025-04-01,R007,Coking Coal,57924.0,IMPORT_TO_INDIA,True,synthetic_scenario_generator,26006
2025-05-01,R007,Coking Coal,63930.0,IMPORT_TO_INDIA,True,synthetic_scenario_generator,26006
2025-06-01,R007,Coking Coal,98446.0,IMPORT_TO_INDIA,True,synthetic_scenario_generator,26006
2025-07-01,R007,Coking Coal,62930.0,IMPORT_TO_INDIA,True,synthetic_scenario_generator,26006
2025-08-01,R007,Coking Coal,106241.0,IMPORT_TO_INDIA,True,synthetic_scenario_generator,26006
2025-09-01,R007,Coking Coal,95562.0,IMPORT_TO_INDIA,True,synthetic_scenario_generator,26006
2025-10-01,R007,Coking Coal,117680.0,IMPORT_TO_INDIA,True,synthetic_scenario_generator,26006
2025-11-01,R007,Coking Coal,94168.0,IMPORT_TO_INDIA,True,synthetic_scenario_generator,26006
2025-12-01,R007,Coking Coal,122701.0,IMPORT_TO_INDIA,True,synthetic_scenario_generator,26006
2026-01-01,R007,Coking Coal,99650.0,IMPORT_TO_INDIA,True,synthetic_scenario_generator,26006
2026-02-01,R007,Coking Coal,81820.0,IMPORT_TO_INDIA,True,synthetic_scenario_generator,26006
2026-03-01,R007,Coking Coal,73642.0,IMPORT_TO_INDIA,True,synthetic_scenario_generator,26006
2026-04-01,R007,Coking Coal,52368.0,IMPORT_TO_INDIA,True,synthetic_scenario_generator,26006
2026-05-01,R007,Coking Coal,69696.0,IMPORT_TO_INDIA,True,synthetic_scenario_generator,26006
2026-06-01,R007,Coking Coal,99413.0,IMPORT_TO_INDIA,True,synthetic_scenario_generator,26006
2026-07-01,R007,Coking Coal,66287.0,IMPORT_TO_INDIA,True,synthetic_scenario_generator,26006
2026-08-01,R007,Coking Coal,105423.0,IMPORT_TO_INDIA,True,synthetic_scenario_generator,26006
2020-01-01,R008,Coking Coal,92645.0,IMPORT_TO_INDIA,True,synthetic_scenario_generator,26006
2020-02-01,R008,Coking Coal,77832.0,IMPORT_TO_INDIA,True,synthetic_scenario_generator,26006
2020-03-01,R008,Coking Coal,50940.0,IMPORT_TO_INDIA,True,synthetic_scenario_generator,26006
2020-04-01,R008,Coking Coal,71820.0,IMPORT_TO_INDIA,True,synthetic_scenario_generator,26006
2020-05-01,R008,Coking Coal,80029.0,IMPORT_TO_INDIA,True,synthetic_scenario_generator,26006
2020-06-01,R008,Coking Coal,65462.0,IMPORT_TO_INDIA,True,synthetic_scenario_generator,26006
2020-07-01,R008,Coking Coal,92051.0,IMPORT_TO_INDIA,True,synthetic_scenario_generator,26006
2020-08-01,R008,Coking Coal,106530.0,IMPORT_TO_INDIA,True,synthetic_scenario_generator,26006
2020-09-01,R008,Coking Coal,122114.0,IMPORT_TO_INDIA,True,synthetic_scenario_generator,26006
2020-10-01,R008,Coking Coal,85476.0,IMPORT_TO_INDIA,True,synthetic_scenario_generator,26006
2020-11-01,R008,Coking Coal,127298.0,IMPORT_TO_INDIA,True,synthetic_scenario_generator,26006
2020-12-01,R008,Coking Coal,94298.0,IMPORT_TO_INDIA,True,synthetic_scenario_generator,26006
2021-01-01,R008,Coking Coal,80206.0,IMPORT_TO_INDIA,True,synthetic_scenario_generator,26006
2021-02-01,R008,Coking Coal,82860.0,IMPORT_TO_INDIA,True,synthetic_scenario_generator,26006
2021-03-01,R008,Coking Coal,74690.0,IMPORT_TO_INDIA,True,synthetic_scenario_generator,26006
2021-04-01,R008,Coking Coal,60467.0,IMPORT_TO_INDIA,True,synthetic_scenario_generator,26006
2021-05-01,R008,Coking Coal,82902.0,IMPORT_TO_INDIA,True,synthetic_scenario_generator,26006
2021-06-01,R008,Coking Coal,92259.0,IMPORT_TO_INDIA,True,synthetic_scenario_generator,26006
2021-07-01,R008,Coking Coal,109938.0,IMPORT_TO_INDIA,True,synthetic_scenario_generator,26006
2021-08-01,R008,Coking Coal,137953.0,IMPORT_TO_INDIA,True,synthetic_scenario_generator,26006
2021-09-01,R008,Coking Coal,92966.0,IMPORT_TO_INDIA,True,synthetic_scenario_generator,26006
2021-10-01,R008,Coking Coal,126529.0,IMPORT_TO_INDIA,True,synthetic_scenario_generator,26006
2021-11-01,R008,Coking Coal,95745.0,IMPORT_TO_INDIA,True,synthetic_scenario_generator,26006
2021-12-01,R008,Coking Coal,90498.0,IMPORT_TO_INDIA,True,synthetic_scenario_generator,26006
2022-01-01,R008,Coking Coal,84834.0,IMPORT_TO_INDIA,True,synthetic_scenario_generator,26006
2022-02-01,R008,Coking Coal,76949.0,IMPORT_TO_INDIA,True,synthetic_scenario_generator,26006
2022-03-01,R008,Coking Coal,51583.0,IMPORT_TO_INDIA,True,synthetic_scenario_generator,26006
2022-04-01,R008,Coking Coal,65111.0,IMPORT_TO_INDIA,True,synthetic_scenario_generator,26006
2022-05-01,R008,Coking Coal,96166.0,IMPORT_TO_INDIA,True,synthetic_scenario_generator,26006
2022-06-01,R008,Coking Coal,75681.0,IMPORT_TO_INDIA,True,synthetic_scenario_generator,26006
2022-07-01,R008,Coking Coal,84420.0,IMPORT_TO_INDIA,True,synthetic_scenario_generator,26006
2022-08-01,R008,Coking Coal,113986.0,IMPORT_TO_INDIA,True,synthetic_scenario_generator,26006
2022-09-01,R008,Coking Coal,122848.0,IMPORT_TO_INDIA,True,synthetic_scenario_generator,26006
2022-10-01,R008,Coking Coal,124597.0,IMPORT_TO_INDIA,True,synthetic_scenario_generator,26006
2022-11-01,R008,Coking Coal,108507.0,IMPORT_TO_INDIA,True,synthetic_scenario_generator,26006
2022-12-01,R008,Coking Coal,92760.0,IMPORT_TO_INDIA,True,synthetic_scenario_generator,26006
2023-01-01,R008,Coking Coal,83369.0,IMPORT_TO_INDIA,True,synthetic_scenario_generator,26006
2023-02-01,R008,Coking Coal,74802.0,IMPORT_TO_INDIA,True,synthetic_scenario_generator,26006
2023-03-01,R008,Coking Coal,50975.0,IMPORT_TO_INDIA,True,synthetic_scenario_generator,26006
2023-04-01,R008,Coking Coal,74200.0,IMPORT_TO_INDIA,True,synthetic_scenario_generator,26006
2023-05-01,R008,Coking Coal,66817.0,IMPORT_TO_INDIA,True,synthetic_scenario_generator,26006
2023-06-01,R008,Coking Coal,101368.0,IMPORT_TO_INDIA,True,synthetic_scenario_generator,26006
2023-07-01,R008,Coking Coal,119110.0,IMPORT_TO_INDIA,True,synthetic_scenario_generator,26006
2023-08-01,R008,Coking Coal,100662.0,IMPORT_TO_INDIA,True,synthetic_scenario_generator,26006
2023-09-01,R008,Coking Coal,109303.0,IMPORT_TO_INDIA,True,synthetic_scenario_generator,26006
2023-10-01,R008,Coking Coal,121412.0,IMPORT_TO_INDIA,True,synthetic_scenario_generator,26006
2023-11-01,R008,Coking Coal,126398.0,IMPORT_TO_INDIA,True,synthetic_scenario_generator,26006
2023-12-01,R008,Coking Coal,85222.0,IMPORT_TO_INDIA,True,synthetic_scenario_generator,26006
2024-01-01,R008,Coking Coal,95436.0,IMPORT_TO_INDIA,True,synthetic_scenario_generator,26006
2024-02-01,R008,Coking Coal,67745.0,IMPORT_TO_INDIA,True,synthetic_scenario_generator,26006
2024-03-01,R008,Coking Coal,67389.0,IMPORT_TO_INDIA,True,synthetic_scenario_generator,26006
2024-04-01,R008,Coking Coal,73541.0,IMPORT_TO_INDIA,True,synthetic_scenario_generator,26006
2024-05-01,R008,Coking Coal,75867.0,IMPORT_TO_INDIA,True,synthetic_scenario_generator,26006
2024-06-01,R008,Coking Coal,100995.0,IMPORT_TO_INDIA,True,synthetic_scenario_generator,26006
2024-07-01,R008,Coking Coal,121909.0,IMPORT_TO_INDIA,True,synthetic_scenario_generator,26006
2024-08-01,R008,Coking Coal,110362.0,IMPORT_TO_INDIA,True,synthetic_scenario_generator,26006
2024-09-01,R008,Coking Coal,109644.0,IMPORT_TO_INDIA,True,synthetic_scenario_generator,26006
2024-10-01,R008,Coking Coal,116102.0,IMPORT_TO_INDIA,True,synthetic_scenario_generator,26006
2024-11-01,R008,Coking Coal,96996.0,IMPORT_TO_INDIA,True,synthetic_scenario_generator,26006
2024-12-01,R008,Coking Coal,109671.0,IMPORT_TO_INDIA,True,synthetic_scenario_generator,26006
2025-01-01,R008,Coking Coal,88792.0,IMPORT_TO_INDIA,True,synthetic_scenario_generator,26006
2025-02-01,R008,Coking Coal,70709.0,IMPORT_TO_INDIA,True,synthetic_scenario_generator,26006
2025-03-01,R008,Coking Coal,77662.0,IMPORT_TO_INDIA,True,synthetic_scenario_generator,26006
2025-04-01,R008,Coking Coal,50736.0,IMPORT_TO_INDIA,True,synthetic_scenario_generator,26006
2025-05-01,R008,Coking Coal,104981.0,IMPORT_TO_INDIA,True,synthetic_scenario_generator,26006
2025-06-01,R008,Coking Coal,70489.0,IMPORT_TO_INDIA,True,synthetic_scenario_generator,26006
2025-07-01,R008,Coking Coal,106624.0,IMPORT_TO_INDIA,True,synthetic_scenario_generator,26006
2025-08-01,R008,Coking Coal,131436.0,IMPORT_TO_INDIA,True,synthetic_scenario_generator,26006
2025-09-01,R008,Coking Coal,107019.0,IMPORT_TO_INDIA,True,synthetic_scenario_generator,26006
2025-10-01,R008,Coking Coal,90966.0,IMPORT_TO_INDIA,True,synthetic_scenario_generator,26006
2025-11-01,R008,Coking Coal,124449.0,IMPORT_TO_INDIA,True,synthetic_scenario_generator,26006
2025-12-01,R008,Coking Coal,96060.0,IMPORT_TO_INDIA,True,synthetic_scenario_generator,26006
2026-01-01,R008,Coking Coal,73673.0,IMPORT_TO_INDIA,True,synthetic_scenario_generator,26006
2026-02-01,R008,Coking Coal,55199.0,IMPORT_TO_INDIA,True,synthetic_scenario_generator,26006
2026-03-01,R008,Coking Coal,50665.0,IMPORT_TO_INDIA,True,synthetic_scenario_generator,26006
2026-04-01,R008,Coking Coal,76767.0,IMPORT_TO_INDIA,True,synthetic_scenario_generator,26006
2026-05-01,R008,Coking Coal,75954.0,IMPORT_TO_INDIA,True,synthetic_scenario_generator,26006
2026-06-01,R008,Coking Coal,79145.0,IMPORT_TO_INDIA,True,synthetic_scenario_generator,26006
2026-07-01,R008,Coking Coal,78038.0,IMPORT_TO_INDIA,True,synthetic_scenario_generator,26006
2026-08-01,R008,Coking Coal,114233.0,IMPORT_TO_INDIA,True,synthetic_scenario_generator,26006
