file,source_rows,columns,sha256,duplicate_count,missing_count,synthetic_rows,status,errors,warnings
raw_supplied/BDI BCI BPI BSI.csv,468,10,cd8e46f47ae62025b00f2eef2a1d0c2b24b7ef39ca0d496ee656aafb518de676,0,0,0,PASS_WITH_WARNINGS,,blank_lines
raw_supplied/Bunker Fuel Prices.csv,334,17,162e862082e64325566c3ba60fec4f7c5b52ffa91d512d47618cb7d8003806c3,0,1300,0,PASS_WITH_WARNINGS,,blank_lines;completely_blank_columns;missing_cells
raw_supplied/Commodity Prices Complete.csv,76,13,51d3b8c90b825e3f3dd799a82410cd948489f7f37760571b3a2fa26ac93d6f87,0,0,0,PASS_WITH_WARNINGS,,blank_lines
raw_supplied/Economic Indicators Complete.csv,35,12,ebb2f7060a66c7a4d05915ade26326d1d9c752ba3e236cba4ef4503e58c8f038,0,0,0,PASS_WITH_WARNINGS,,blank_lines
raw_supplied/Freight Rates.csv,30,18,f583be924c3c1eb98eea806358faf37c9c9e5785bb9344e71ecca7457a79ec74,0,0,0,PASS_WITH_WARNINGS,,blank_lines
raw_supplied/Port Congestion Waiting Time.csv,43,16,5b0cd77524a929864711093961905b918a708c5b7c95d00c622d03f41e18cc7b,0,0,0,PASS_WITH_WARNINGS,,blank_lines
raw_supplied/Port Terminal Specifications.csv,28,15,4dd2afa422c972bd7452ecada2f365bdedc63df0a1d5b3156c8401f8a078bcbc,0,0,0,PASS_WITH_WARNINGS,,blank_lines
raw_supplied/Seasonality Weather.csv,238,26,c94ea39cb5acd2b48d03e324d2bf018fcabb3811f89f6706441a0294ed65d5a9,0,0,0,PASS_WITH_WARNINGS,,blank_lines
raw_supplied/Trade Routes.csv,12,18,5b380a0120022d794b42d51b6fe0efafc4af257ecbde50f089ed5f9e5350837f,0,4,0,PASS_WITH_WARNINGS,,blank_lines;missing_cells
raw_supplied/Vessel Specifications.csv,32,45,0fd020b2320ba78fdeeb9f8b302861739abdc653ed713c833d47b48ff4c19ea2,0,11,0,PASS_WITH_WARNINGS,,blank_lines;missing_cells
documentation/data_dictionary.csv,367,5,5098a06e7be6645f9c2e0c7b1185a4d965241e04fee56177ac0c8e323fa3a826,0,0,0,PASS,,
documentation/data_quality_report.csv,15,7,ff3e04761d2235830f426160df22ea04b306bc1026759fb5b511eae5c7f2c852,0,0,0,PASS,,
documentation/source_registry.csv,10,6,5eb7390055f5957fd457ef0c617d30b8bc8dd44c618cbc5badf8c2709dce3a4e,0,0,0,PASS,,
standardized/bunker_fuel_prices.csv,334,19,9778394da3bd5c8ec523027a112a3b6345cb3f2667dca71a5f5fce3339f44a50,0,1300,0,PASS_WITH_WARNINGS,,completely_blank_columns;missing_cells
standardized/commodity_prices.csv,76,15,308be8e83c429d513d17aa873adf2c5e3bf6c2e1f779f6623b83019a05177098,2,64,0,PASS_WITH_WARNINGS,,duplicate_rows;missing_cells
standardized/economic_indicators.csv,35,14,f242d430359aed666c4b30b642032409b28f4d8b4ed72c6d57376eeeca54d5a2,0,0,0,PASS,,
standardized/freight_indices.csv,468,12,3a9cfc424351ef4d011eac3382cf1b94b25d68518f68f9b86126385a1d621b3c,0,0,0,PASS,,
standardized/freight_rates_observed.csv,30,20,b22c6f93a1e6aa82e37febf83e854e137ddf29311a6401a376b1e165ae00259a,0,0,0,PASS,,
standardized/port_congestion_reference.csv,43,18,5eb0a2ed32f15102e8aa8a0a54955562d3188f3cca16b96c7433a4d47965cb51,0,0,0,PASS,,
standardized/port_master.csv,11,5,2950e0b7e6505cf45a8fc09718e5f2b8ad0ddb9c9ab64206e2f50994dbd5df5e,0,0,0,PASS,,
standardized/port_specifications.csv,28,17,6bcfdf88b68de23a950c2503b471d5268836867c394f0b6b72c3a490e05ca350,0,0,0,PASS,,
standardized/route_master.csv,8,8,1e9c94642e00d6f98cf1aa019fcc3d7d7089df96dde97c980202c8b5f70e68bd,0,0,0,PASS,,
standardized/trade_routes.csv,12,20,8f6603ea52395e43c9b4f9a53827a98e6e2ae39e46a006d324b0a50f02bc62bd,0,4,0,PASS_WITH_WARNINGS,,missing_cells
standardized/vessel_specifications.csv,32,47,98de331fcafd21f17fd6ad3a15be60372ea1221b08d1e131cdd7b3eb172bba38,0,11,0,PASS_WITH_WARNINGS,,missing_cells
standardized/weather_climatology.csv,238,28,316d5b948d149cd8bdf4f79b4580af286682d79bd39caaad6f64a6bdc57ed1f2,0,0,0,PASS,,
synthetic/charter_contract_quotes_synthetic.csv,480,9,8ab7cef784dc67f01ac745b1e0811e629a2c97b5035aafd9dd77117e5436140d,0,0,480,PASS,,
synthetic/daily_ais_vessel_supply_synthetic.csv,19480,8,645c5750b18c15a19a6a79a37f7a428c89a151a702944a437559d999ecf4b148,0,0,19480,PASS,,
synthetic/daily_berth_availability_synthetic.csv,9740,9,9277c9b23eacf1f0a29d8f5249e01a07f16dcaa54ed33498f2c20e8e0a47de8c,0,0,9740,PASS,,
synthetic/daily_market_drivers_synthetic.csv,2435,7,01546439aa78225f370589c2e9cb782aa6e99b66d8d81c4f7735dfcacef67ac7,0,0,2435,PASS,,
synthetic/daily_port_congestion_synthetic.csv,9740,8,6057433413b1fccc254e458a501820e473937f5161439a80d043719d9964aac8,0,0,9740,PASS,,
synthetic/daily_port_weather_synthetic.csv,9740,10,75c9d87c121cea64d80eff71d483063f1a2a6a7d0e034cc08a902fb7005c8024,0,0,9740,PASS,,
synthetic/daily_tide_ukc_synthetic.csv,9740,8,7ae7965983592da126cd59550ac93da6075b077f414f5078acc8003898a9999e,0,0,9740,PASS,,
synthetic/fixture_activity_synthetic.csv,6494,8,03dd15abbe3d3fcbaaeb60efc783a5fb9da77b7438bcee8b413be275f0c180c7,0,0,6494,PASS,,
synthetic/laytime_demurrage_rules_synthetic.csv,8,10,77175bd15f81e8d3b532afa66d06dba4297ac3c8aa76a6097b02703bdb920548,0,0,8,PASS,,
synthetic/monthly_cargo_trade_flows_synthetic.csv,640,8,18d65423d11f661e1444dc6b81fe485693e051b26a450890703e0045154dd9e1,0,0,640,PASS,,
synthetic/port_costs_synthetic.csv,4,11,397971de670c0ffd22b47c2bc204ea6e0413ecb19c0fbec391911c45edd071e4,0,0,4,PASS,,
synthetic/route_freight_rates_synthetic.csv,19480,9,0cf0cfe8384c12304cabdabc1478fedbeee8de567ea42c8b0b3875c07e22e172,0,0,19480,PASS,,
ml_ready/ml_freight_daily.csv,19240,39,919df5e1f472447cb24eab4ba0e7a7b8f2679bf30a69ca92386b9983d810ce47,0,0,19240,PASS_WITH_WARNINGS,,"port_specifications_missing:AUS_GLA,IDN_SK,MOZ_NAC,USA_HR,ZAF_RB"
