schema,table,rows,kind
audit,data_quality_results,355,audit
audit,pipeline_runs,6,audit
audit,table_load_results,228,audit
ml,_cp_previous_088a54d69a8b4992b9a7,19240,retained_snapshot
ml,ml_freight_daily,19240,active_dataset
reference,_cp_previous_1110a7995b0d46ad967e,76,retained_snapshot
reference,_cp_previous_19db64fb46a849bab121,32,retained_snapshot
reference,_cp_previous_29b7123e26e34867a6fe,30,retained_snapshot
reference,_cp_previous_3aab8c904faf4213abdb,334,retained_snapshot
reference,_cp_previous_3e20366a35234fc584ce,43,retained_snapshot
reference,_cp_previous_49b662314d5f434cb1a6,238,retained_snapshot
reference,_cp_previous_8f40cfb69542402da823,12,retained_snapshot
reference,_cp_previous_b0689d8faac140a8bbd8,8,retained_snapshot
reference,_cp_previous_b8c3e15fcee74842846f,468,retained_snapshot
reference,_cp_previous_c68d32a4cb1b44c48acb,11,retained_snapshot
reference,_cp_previous_cc3e6aaeaf284522907c,28,retained_snapshot
reference,_cp_previous_e793e49ed71f4e96a0c3,35,retained_snapshot
reference,bunker_fuel_prices,334,active_dataset
reference,commodity_prices,76,active_dataset
reference,economic_indicators,35,active_dataset
reference,freight_indices,468,active_dataset
reference,freight_rates_observed,30,active_dataset
reference,port_congestion_reference,43,active_dataset
reference,port_master,11,active_dataset
reference,port_specifications,28,active_dataset
reference,route_master,8,active_dataset
reference,trade_routes,12,active_dataset
reference,vessel_specifications,32,active_dataset
reference,weather_climatology,238,active_dataset
synthetic,_cp_previous_2b264fc7069a4059b6db,9740,retained_snapshot
synthetic,_cp_previous_47e9a0e0675b4900b1c5,19480,retained_snapshot
synthetic,_cp_previous_5ca03c6656044e7eac99,9740,retained_snapshot
synthetic,_cp_previous_7f875f878ad142e68f7a,2435,retained_snapshot
synthetic,_cp_previous_82507f3d0ca44946b1ec,4,retained_snapshot
synthetic,_cp_previous_86677ba0b132485ebc8e,480,retained_snapshot
synthetic,_cp_previous_90c5038f948442e8873d,19480,retained_snapshot
synthetic,_cp_previous_95677a9381d94430b54d,8,retained_snapshot
synthetic,_cp_previous_9cecce1edad94bc5853d,640,retained_snapshot
synthetic,_cp_previous_c6a2be9421f74896a9bc,9740,retained_snapshot
synthetic,_cp_previous_e3eb2c30c4e146209cd2,6494,retained_snapshot
synthetic,_cp_previous_ef818b85a5c04615a175,9740,retained_snapshot
synthetic,charter_contract_quotes_synthetic,480,active_dataset
synthetic,daily_ais_vessel_supply_synthetic,19480,active_dataset
synthetic,daily_berth_availability_synthetic,9740,active_dataset
synthetic,daily_market_drivers_synthetic,2435,active_dataset
synthetic,daily_port_congestion_synthetic,9740,active_dataset
synthetic,daily_port_weather_synthetic,9740,active_dataset
synthetic,daily_tide_ukc_synthetic,9740,active_dataset
synthetic,fixture_activity_synthetic,6494,active_dataset
synthetic,laytime_demurrage_rules_synthetic,8,active_dataset
synthetic,monthly_cargo_trade_flows_synthetic,640,active_dataset
synthetic,port_costs_synthetic,4,active_dataset
synthetic,route_freight_rates_synthetic,19480,active_dataset
