file,schema,table,source_rows,inserted_rows,database_rows,load_status
standardized/bunker_fuel_prices.csv,reference,bunker_fuel_prices,334,334,334,LOADED
standardized/commodity_prices.csv,reference,commodity_prices,76,76,76,LOADED
standardized/economic_indicators.csv,reference,economic_indicators,35,35,35,LOADED
standardized/freight_indices.csv,reference,freight_indices,468,468,468,LOADED
standardized/freight_rates_observed.csv,reference,freight_rates_observed,30,30,30,LOADED
standardized/port_congestion_reference.csv,reference,port_congestion_reference,43,43,43,LOADED
standardized/port_master.csv,reference,port_master,11,11,11,LOADED
standardized/port_specifications.csv,reference,port_specifications,28,28,28,LOADED
standardized/route_master.csv,reference,route_master,8,8,8,LOADED
standardized/trade_routes.csv,reference,trade_routes,12,12,12,LOADED
standardized/vessel_specifications.csv,reference,vessel_specifications,32,32,32,LOADED
standardized/weather_climatology.csv,reference,weather_climatology,238,238,238,LOADED
synthetic/charter_contract_quotes_synthetic.csv,synthetic,charter_contract_quotes_synthetic,480,480,480,LOADED
synthetic/daily_ais_vessel_supply_synthetic.csv,synthetic,daily_ais_vessel_supply_synthetic,19480,19480,19480,LOADED
synthetic/daily_berth_availability_synthetic.csv,synthetic,daily_berth_availability_synthetic,9740,9740,9740,LOADED
synthetic/daily_market_drivers_synthetic.csv,synthetic,daily_market_drivers_synthetic,2435,2435,2435,LOADED
synthetic/daily_port_congestion_synthetic.csv,synthetic,daily_port_congestion_synthetic,9740,9740,9740,LOADED
synthetic/daily_port_weather_synthetic.csv,synthetic,daily_port_weather_synthetic,9740,9740,9740,LOADED
synthetic/daily_tide_ukc_synthetic.csv,synthetic,daily_tide_ukc_synthetic,9740,9740,9740,LOADED
synthetic/fixture_activity_synthetic.csv,synthetic,fixture_activity_synthetic,6494,6494,6494,LOADED
synthetic/laytime_demurrage_rules_synthetic.csv,synthetic,laytime_demurrage_rules_synthetic,8,8,8,LOADED
synthetic/monthly_cargo_trade_flows_synthetic.csv,synthetic,monthly_cargo_trade_flows_synthetic,640,640,640,LOADED
synthetic/port_costs_synthetic.csv,synthetic,port_costs_synthetic,4,4,4,LOADED
synthetic/route_freight_rates_synthetic.csv,synthetic,route_freight_rates_synthetic,19480,19480,19480,LOADED
ml_ready/ml_freight_daily.csv,ml,ml_freight_daily,19240,19240,19240,LOADED
